indicator,indicator_cn,section_en,section_cn,report_type
资产总计,Total Assets,Balance Sheet - Assets,资产负债表 — 一、资产,年报/半年报/季报
现金及存放中央银行款项,Cash and Reserves with Central Bank,Balance Sheet - Assets,资产负债表 — 一、资产,年报/半年报/季报
现金,Cash,Balance Sheet - Assets,资产负债表 — 一、资产,年报/半年报/季报
存放中央银行款项,Reserves with Central Bank,Balance Sheet - Assets,资产负债表 — 一、资产,年报/半年报/季报
存放同业及其他金融机构款项,Due from Banks,Balance Sheet - Assets,资产负债表 — 一、资产,年报/半年报/季报
贵金属,Precious Metals,Balance Sheet - Assets,资产负债表 — 一、资产,年报/半年报/季报
拆出资金,Loans to Banks,Balance Sheet - Assets,资产负债表 — 一、资产,年报/半年报/季报
买入返售金融资产,Reverse Repurchase Agreements,Balance Sheet - Assets,资产负债表 — 一、资产,年报/半年报/季报
发放贷款及垫款,Loans and Advances to Customers,Balance Sheet - Assets / Notes,资产负债表 — 一、资产 / 附注,年报/半年报/季报
衍生金融资产,Derivative Financial Assets,Balance Sheet - Assets,资产负债表 — 一、资产,年报/半年报/季报
金融投资,Financial Investments,Balance Sheet - Assets,资产负债表 — 一、资产,年报/半年报/季报
以公允价值计量且其变动计入当期损益的金融投资,Financial Investments at FVTPL,Balance Sheet - Assets,资产负债表 — 一、资产,年报/半年报/季报
以摊余成本计量的金融投资,Financial Investments at Amortized Cost,Balance Sheet - Assets,资产负债表 — 一、资产,年报/半年报/季报
以公允价值计量且其变动计入其他综合收益的金融投资,Financial Investments at FVTOCI,Balance Sheet - Assets,资产负债表 — 一、资产,年报/半年报/季报
以公允价值计量且其变动计入其他综合收益的债务工具投资,Debt Investments at FVTOCI,Balance Sheet - Assets,资产负债表 — 一、资产,年报/半年报/季报
指定为以公允价值计量且其变动计入其他综合收益的权益工具投资,Equity Investments at FVTOCI,Balance Sheet - Assets,资产负债表 — 一、资产,年报/半年报/季报
可供出售金融资产,Available-for-Sale Financial Assets,Balance Sheet - Assets,资产负债表 — 一、资产,年报/半年报/季报
持有至到期投资,Held-to-Maturity Investments,Balance Sheet - Assets,资产负债表 — 一、资产,年报/半年报/季报
应收款项投资,Investment Receivables,Balance Sheet - Assets,资产负债表 — 一、资产,年报/半年报/季报
应收利息,Interest Receivable,Balance Sheet - Assets,资产负债表 — 一、资产,年报/半年报/季报
长期应收款,Long-term Receivables,Balance Sheet - Assets,资产负债表 — 一、资产,年报/半年报/季报
长期股权投资,Long-term Equity Investments,Balance Sheet - Assets,资产负债表 — 一、资产,年报/半年报/季报
投资性房地产,Investment Properties,Balance Sheet - Assets,资产负债表 — 一、资产,年报/半年报/季报
固定资产,Fixed Assets,Balance Sheet - Assets / Notes,资产负债表 — 一、资产 / 附注,年报/半年报/季报
固定资产占总资产比率,Fixed Assets to Total Assets Ratio,Notes to Financial Statements,财务报表附注,年报/半年报/季报
在建工程,Construction in Progress,Balance Sheet - Assets,资产负债表 — 一、资产,年报/半年报/季报
使用权资产,Right-of-Use Assets,Balance Sheet - Assets,资产负债表 — 一、资产,年报/半年报/季报
无形资产,Intangible Assets,Balance Sheet - Assets,资产负债表 — 一、资产,年报/半年报/季报
商誉,Goodwill,Balance Sheet - Assets,资产负债表 — 一、资产,年报/半年报/季报
商誉占净资产比率,Goodwill to Net Assets Ratio,Notes to Financial Statements,财务报表附注,年报/半年报/季报
递延所得税资产,Deferred Tax Assets,Balance Sheet - Assets,资产负债表 — 一、资产,年报/半年报/季报
其他资产,Other Assets,Balance Sheet - Assets,资产负债表 — 一、资产,年报/半年报/季报
负债合计,Total Liabilities,Balance Sheet - Liabilities,资产负债表 — 二、负债,年报/半年报/季报
资产负债率,Asset-Liability Ratio,Computed,计算指标,年报/半年报/季报
向中央银行借款,Borrowings from Central Bank,Balance Sheet - Liabilities,资产负债表 — 二、负债,年报/半年报/季报
同业存入及拆入,Due to Banks,Balance Sheet - Liabilities,资产负债表 — 二、负债,年报/半年报/季报
同业及其他金融机构存放款项,Due to Other Banks,Balance Sheet - Liabilities,资产负债表 — 二、负债,年报/半年报/季报
拆入资金,Borrowings from Banks,Balance Sheet - Liabilities,资产负债表 — 二、负债,年报/半年报/季报
衍生金融负债,Derivative Financial Liabilities,Balance Sheet - Liabilities,资产负债表 — 二、负债,年报/半年报/季报
以公允价值计量且其变动计入当期损益的金融负债,Financial Liabilities at FVTPL,Balance Sheet - Liabilities,资产负债表 — 二、负债,年报/半年报/季报
卖出回购金融资产,Repurchase Agreements,Balance Sheet - Liabilities,资产负债表 — 二、负债,年报/半年报/季报
客户存款,Customer Deposits,Balance Sheet - Liabilities / Notes,资产负债表 — 二、负债 / 附注,年报/半年报/季报
应付职工薪酬,Employee Payables,Balance Sheet - Liabilities,资产负债表 — 二、负债,年报/半年报/季报
应交税费,Tax Payables,Balance Sheet - Liabilities,资产负债表 — 二、负债,年报/半年报/季报
合同负债,Contract Liabilities,Balance Sheet - Liabilities,资产负债表 — 二、负债,年报/半年报/季报
租赁负债,Lease Liabilities,Balance Sheet - Liabilities,资产负债表 — 二、负债,年报/半年报/季报
预计负债,Provisions,Balance Sheet - Liabilities,资产负债表 — 二、负债,年报/半年报/季报
应付利息,Interest Payable,Balance Sheet - Liabilities,资产负债表 — 二、负债,年报/半年报/季报
应付债券,Bonds Payable,Balance Sheet - Liabilities,资产负债表 — 二、负债,年报/半年报/季报
递延所得税负债,Deferred Tax Liabilities,Balance Sheet - Liabilities,资产负债表 — 二、负债,年报/半年报/季报
其他负债,Other Liabilities,Balance Sheet - Liabilities,资产负债表 — 二、负债,年报/半年报/季报
所有者权益合计,Total Equity,Balance Sheet - Equity,资产负债表 — 三、所有者权益,年报/半年报/季报
股东权益占比,Equity to Total Assets Ratio,Notes to Financial Statements,财务报表附注,年报/半年报/季报
股本,Share Capital,Balance Sheet - Equity,资产负债表 — 三、所有者权益,年报/半年报/季报
其他权益工具,Other Equity Instruments,Balance Sheet - Equity,资产负债表 — 三、所有者权益,年报/半年报/季报
优先股,Preferred Shares,Balance Sheet - Equity,资产负债表 — 三、所有者权益,年报/半年报/季报
永续债,Perpetual Bonds,Balance Sheet - Equity,资产负债表 — 三、所有者权益,年报/半年报/季报
资本公积,Capital Reserve,Balance Sheet - Equity,资产负债表 — 三、所有者权益,年报/半年报/季报
减：库存股,Less: Treasury Shares,Balance Sheet - Equity,资产负债表 — 三、所有者权益,年报/半年报/季报
其他综合收益,Other Comprehensive Income,Balance Sheet - Equity,资产负债表 — 三、所有者权益,年报/半年报/季报
专项储备,Special Reserves,Balance Sheet - Equity,资产负债表 — 三、所有者权益,年报/半年报/季报
盈余公积,Statutory Surplus,Balance Sheet - Equity,资产负债表 — 三、所有者权益,年报/半年报/季报
一般风险准备金,General Risk Reserve,Balance Sheet - Equity,资产负债表 — 三、所有者权益,年报/半年报/季报
未分配利润,Retained Earnings,Balance Sheet - Equity,资产负债表 — 三、所有者权益,年报/半年报/季报
外币报表折算差额,Foreign Currency Translation Reserve,Balance Sheet - Equity,资产负债表 — 三、所有者权益,年报/半年报/季报
归属于母公司股东及其他权益持有者的权益合计,Total Equity Attributable to Parent,Balance Sheet - Equity,资产负债表 — 三、所有者权益,年报/半年报/季报
归属于母公司普通股股东权益合计,Total Equity Attributable to Ordinary Shareholders,Balance Sheet - Equity,资产负债表 — 三、所有者权益,年报/半年报/季报
归属于母公司普通股股东的每股股东权益,Equity per Share Attributable to Ordinary Shareholders,Notes to Financial Statements,财务报表附注,年报/半年报/季报
少数股东权益,Minority Interest,Balance Sheet - Equity,资产负债表 — 三、所有者权益,年报/半年报/季报
风险加权资产合计,Total Risk-Weighted Assets,Risk Management - Capital Adequacy,风险管理 — 资本充足率,年报/半年报
核心一级资本充足率,Common Equity Tier 1 Capital Adequacy Ratio,Risk Management - Capital Adequacy,风险管理 — 资本充足率,年报/半年报
一级资本充足率,Tier 1 Capital Adequacy Ratio,Risk Management - Capital Adequacy,风险管理 — 资本充足率,年报/半年报
资本充足率,Capital Adequacy Ratio,Risk Management - Capital Adequacy,风险管理 — 资本充足率,年报/半年报
净利差,Net Interest Spread,Management Discussion & Analysis - Financial Summary,管理层讨论与分析 — 财务概要,年报/半年报
净息差,Net Interest Margin,Management Discussion & Analysis - Financial Summary,管理层讨论与分析 — 财务概要,年报/半年报
流动性覆盖率,Liquidity Coverage Ratio,Risk Management - Liquidity Risk,风险管理 — 流动性风险,年报/半年报
流动性比例（人民币）,Liquidity Ratio (RMB),Risk Management - Liquidity Risk,风险管理 — 流动性风险,年报/半年报/季报
流动性比例（外币）,Liquidity Ratio (Foreign Currency),Risk Management - Liquidity Risk,风险管理 — 流动性风险,年报/半年报/季报
流动性比例（折人民币）,Liquidity Ratio (in RMB equivalent),Risk Management - Liquidity Risk,风险管理 — 流动性风险,年报/半年报/季报
贷款和垫款总额,Total Loans and Advances,Risk Management - Credit Risk - Loan Quality,风险管理 — 信用风险 — 贷款质量,年报/半年报/季报
正常类贷款,Performing Loans,Risk Management - Credit Risk - Loan Quality,风险管理 — 信用风险 — 贷款质量,年报/半年报/季报
关注类贷款,Special Mention Loans,Risk Management - Credit Risk - Loan Quality,风险管理 — 信用风险 — 贷款质量,年报/半年报/季报
不良贷款余额,Non-performing Loans,Risk Management - Credit Risk - Loan Quality,风险管理 — 信用风险 — 贷款质量,年报/半年报/季报
次级类贷款,Substandard Loans,Risk Management - Credit Risk - Loan Quality,风险管理 — 信用风险 — 贷款质量,年报/半年报/季报
可疑类贷款,Doubtful Loans,Risk Management - Credit Risk - Loan Quality,风险管理 — 信用风险 — 贷款质量,年报/半年报/季报
损失类贷款,Loss Loans,Risk Management - Credit Risk - Loan Quality,风险管理 — 信用风险 — 贷款质量,年报/半年报/季报
逾期贷款,Overdue Loans,Risk Management - Credit Risk - Loan Quality,风险管理 — 信用风险 — 贷款质量,年报/半年报/季报
逾期90天贷款,Overdue 90 Days Loans,Risk Management - Credit Risk - Loan Quality,风险管理 — 信用风险 — 贷款质量,年报/半年报/季报
重组贷款,Restructured Loans,Risk Management - Credit Risk - Loan Quality,风险管理 — 信用风险 — 贷款质量,年报/半年报/季报
逾期90天的重组贷款,Restructured Loans Overdue 90 Days,Risk Management - Credit Risk - Loan Quality,风险管理 — 信用风险 — 贷款质量,年报/半年报/季报
贷款损失准备,Loan Loss Provisions,Risk Management - Credit Risk - Loan Quality,风险管理 — 信用风险 — 贷款质量,年报/半年报/季报
正常类贷款迁徙率,Passing Loan Migration Rate,Risk Management - Credit Risk - Loan Quality,风险管理 — 信用风险 — 贷款质量,年报/半年报
关注类贷款迁徙率,Special Mention Loan Migration Rate,Risk Management - Credit Risk - Loan Quality,风险管理 — 信用风险 — 贷款质量,年报/半年报
次级类贷款迁徙率,Substandard Loan Migration Rate,Risk Management - Credit Risk - Loan Quality,风险管理 — 信用风险 — 贷款质量,年报/半年报
可疑类贷款迁徙率,Doubtful Loan Migration Rate,Risk Management - Credit Risk - Loan Quality,风险管理 — 信用风险 — 贷款质量,年报/半年报
不良率,NPL Ratio,Computed,计算指标,年报/半年报/季报
拨贷比,Loan Loss Provision Ratio,Risk Management - Credit Risk - Loan Quality,风险管理 — 信用风险 — 贷款质量,年报/半年报/季报
不良贷款拨备覆盖率,NPL Provision Coverage Ratio,Risk Management - Credit Risk - Loan Quality,风险管理 — 信用风险 — 贷款质量,年报/半年报/季报
逾期贷款率,Overdue Loan Ratio,Risk Management - Credit Risk - Loan Quality,风险管理 — 信用风险 — 贷款质量,年报/半年报/季报
逾期90天贷款率,Overdue 90 Days Loan Ratio,Risk Management - Credit Risk - Loan Quality,风险管理 — 信用风险 — 贷款质量,年报/半年报/季报
重组贷款率,Restructured Loan Ratio,Risk Management - Credit Risk - Loan Quality,风险管理 — 信用风险 — 贷款质量,年报/半年报/季报
逾期90天重组贷款率,Restructured Loan Overdue 90 Days Ratio,Risk Management - Credit Risk - Loan Quality,风险管理 — 信用风险 — 贷款质量,年报/半年报/季报
员工人数,Number of Employees,Human Resources - Employee Information,人力资源管理 — 员工情况,年报/半年报/季报
博士人数,Number of PhD Holders,Human Resources - Employee Information,人力资源管理 — 员工情况,年报/半年报/季报
硕士人数,Number of Master's Holders,Human Resources - Employee Information,人力资源管理 — 员工情况,年报/半年报/季报
学士人数,Number of Bachelor's Holders,Human Resources - Employee Information,人力资源管理 — 员工情况,年报/半年报/季报
大专人数,Number of Associate Degree Holders,Human Resources - Employee Information,人力资源管理 — 员工情况,年报/半年报/季报
高中及以下人数,Number of High School and Below,Human Resources - Employee Information,人力资源管理 — 员工情况,年报/半年报/季报
生产人员人数,Number of Production Personnel,Human Resources - Employee Information (by Function),人力资源管理 — 员工情况（按职能）,年报/半年报/季报
销售人员人数,Number of Sales Personnel,Human Resources - Employee Information (by Function),人力资源管理 — 员工情况（按职能）,年报/半年报/季报
技术人员人数,Number of Technical Personnel,Human Resources - Employee Information (by Function),人力资源管理 — 员工情况（按职能）,年报/半年报/季报
财务人员人数,Number of Finance Personnel,Human Resources - Employee Information (by Function),人力资源管理 — 员工情况（按职能）,年报/半年报/季报
行政人员人数,Number of Administrative Personnel,Human Resources - Employee Information (by Function),人力资源管理 — 员工情况（按职能）,年报/半年报/季报
其他人员人数,Number of Other Personnel,Human Resources - Employee Information (by Function),人力资源管理 — 员工情况（按职能）,年报/半年报/季报
市值,Market Capitalization,Market Data (External),市场数据（外部）,实时
总股数,Total Number of Shares,Share Changes - Shareholders Information,股本变动 — 股东情况,年报/半年报/季报
流通股数,Number of Free-float Shares,Share Changes - Shareholders Information,股本变动 — 股东情况,年报/半年报/季报
总股东人数（季度）,Total Number of Shareholders (Quarterly),Shareholders Information,股东情况,年报/半年报/季报
A股股东人数（季度）,Number of A-Share Holders (Quarterly),Shareholders Information,股东情况,年报/半年报/季报
第一大股东持仓占总股本比例,Top 1 Shareholder Ownership,Shareholders Information - Major Shareholders,股东情况 — 主要股东,年报/半年报/季报
前十大股东持仓占总股本比例,Top 10 Shareholders Ownership,Shareholders Information - Major Shareholders,股东情况 — 主要股东,年报/半年报/季报
前十大流通股东持仓占流通股本比例,Top 10 Free-float Shareholders Ownership,Shareholders Information - Major Shareholders,股东情况 — 主要股东,年报/半年报/季报
进公募基金前十大持仓占流通股本比例,Top 10 Mutual Fund Holdings,Fund Holdings (External),基金持仓（外部）,季报/半年报
公募基金持仓占流通股本比例,Mutual Fund Ownership Ratio,Fund Holdings (External),基金持仓（外部）,季报/半年报
公募基金+自由流通股东持仓占自由流通股本比例,Mutual Fund + Free-float Ownership,Fund Holdings (External),基金持仓（外部）,季报/半年报
PE-TTM,PE-TTM Ratio,Market Data (External),市场数据（外部）,实时
PE-TTM（扣非）,PE-TTM (Excluding Non-recurring Items),Market Data (External),市场数据（外部）,实时
PB,PB Ratio,Market Data (External),市场数据（外部）,实时
PB（不含商誉）,PB Ratio (Excluding Goodwill),Market Data (External),市场数据（外部）,实时
PS-TTM,PS-TTM Ratio,Market Data (External),市场数据（外部）,实时
PCF-TTM,PCF-TTM Ratio,Market Data (External),市场数据（外部）,实时
股息率,Dividend Yield,Market Data (External),市场数据（外部）,实时
营业收入,Operating Revenue,Income Statement - Revenue,利润表 — 一、营业收入,年报/半年报/季报
净利息收入,Net Interest Income,Income Statement - Revenue,利润表 — 一、营业收入,年报/半年报/季报
利息收入,Interest Income,Income Statement - Revenue,利润表 — 一、营业收入,年报/半年报/季报
利息支出,Interest Expense,Income Statement - Revenue,利润表 — 一、营业收入,年报/半年报/季报
净息收入占比,Net Interest Income Ratio,Notes to Financial Statements,财务报表附注,年报/半年报/季报
非息收入,Non-interest Income,Income Statement - Revenue,利润表 — 一、营业收入,年报/半年报/季报
非息收入占比,Non-interest Income Ratio,Notes to Financial Statements,财务报表附注,年报/半年报/季报
手续费及佣金净收入,Net Fee and Commission Income,Income Statement - Revenue,利润表 — 一、营业收入,年报/半年报/季报
手续费及佣金收入,Fee and Commission Income,Income Statement - Revenue,利润表 — 一、营业收入,年报/半年报/季报
手续费及佣金支出,Fee and Commission Expense,Income Statement - Revenue,利润表 — 一、营业收入,年报/半年报/季报
公允价值变动收益,Changes in Fair Value,Income Statement - Revenue,利润表 — 一、营业收入,年报/半年报/季报
投资收益,Investment Income,Income Statement - Revenue,利润表 — 一、营业收入,年报/半年报/季报
对联营企业及合营企业的投资收益,Income from Associates and Joint Ventures,Income Statement - Revenue,利润表 — 一、营业收入,年报/半年报/季报
汇兑收益,Exchange Gains,Income Statement - Revenue,利润表 — 一、营业收入,年报/半年报/季报
其他业务收入,Other Operating Revenue,Income Statement - Revenue,利润表 — 一、营业收入,年报/半年报/季报
营业支出,Operating Expenses,Income Statement - Operating Expenses,利润表 — 二、营业支出,年报/半年报/季报
税金及附加,Taxes and Surcharges,Income Statement - Operating Expenses,利润表 — 二、营业支出,年报/半年报/季报
业务及管理费用,Operating and Administrative Expenses,Income Statement - Operating Expenses,利润表 — 二、营业支出,年报/半年报/季报
其他业务成本,Other Operating Costs,Income Statement - Operating Expenses,利润表 — 二、营业支出,年报/半年报/季报
收入成本比,Cost-to-Income Ratio,Notes to Financial Statements,财务报表附注,年报/半年报/季报
信用减值损失,Credit Impairment Loss,Income Statement - Operating Expenses,利润表 — 二、营业支出,年报/半年报/季报
资产减值损失,Asset Impairment Loss,Income Statement - Operating Expenses,利润表 — 二、营业支出,年报/半年报/季报
其他资产减值损失,Other Asset Impairment Loss,Income Statement - Operating Expenses,利润表 — 二、营业支出,年报/半年报/季报
营业利润,Operating Profit,Income Statement - Operating Profit,利润表 — 三、营业利润,年报/半年报/季报
营业利润率,Operating Profit Margin,Computed,计算指标,年报/半年报/季报
加：营业外收入,Add: Non-operating Income,Income Statement - Operating Profit,利润表 — 三、营业利润,年报/半年报/季报
减：营业外支出,Less: Non-operating Expenses,Income Statement - Operating Profit,利润表 — 三、营业利润,年报/半年报/季报
利润总额,Total Profit,Income Statement - Total Profit,利润表 — 四、利润总额,年报/半年报/季报
减：所得税费用,Less: Income Tax Expense,Income Statement - Total Profit,利润表 — 四、利润总额,年报/半年报/季报
有效税率,Effective Tax Rate,Notes to Financial Statements,财务报表附注,年报/半年报/季报
净利润,Net Profit,Income Statement - Net Profit,利润表 — 五、净利润,年报/半年报/季报
净利润率,Net Profit Margin,Computed,计算指标,年报/半年报/季报
（一）持续经营净利润,Net Profit from Continuing Operations,Income Statement - Net Profit,利润表 — 五、净利润,年报/半年报/季报
（二）终止经营净利润,Net Profit from Discontinued Operations,Income Statement - Net Profit,利润表 — 五、净利润,年报/半年报/季报
归属于母公司股东及其他权益持有者的净利润,Net Profit Attributable to Parent Equity Holders,Income Statement - Net Profit,利润表 — 五、净利润,年报/半年报/季报
归属于母公司普通股股东的净利润,Net Profit Attributable to Ordinary Shareholders,Income Statement - Net Profit,利润表 — 五、净利润,年报/半年报/季报
少数股东损益,Minority Interest Profit,Income Statement - Net Profit,利润表 — 五、净利润,年报/半年报/季报
归属于母公司普通股股东的扣除非经常性损益的净利润,Recurring Net Profit Attributable to Ordinary Shareholders,Notes to Financial Statements,财务报表附注,年报/半年报/季报
扣非净利润占比,Recurring Net Profit Ratio,Notes to Financial Statements,财务报表附注,年报/半年报/季报
归属于母公司普通股股东的加权ROE,Weighted ROE Attributable to Ordinary Shareholders,Notes to Financial Statements,财务报表附注,年报/半年报/季报
归属于母公司普通股股东的扣非加权ROE,Recurring Weighted ROE Attributable to Ordinary Shareholders,Notes to Financial Statements,财务报表附注,年报/半年报/季报
基本每股收益,Basic EPS,Income Statement - EPS,利润表 — 六、每股收益,年报/半年报/季报
稀释每股收益,Diluted EPS,Income Statement - EPS,利润表 — 六、每股收益,年报/半年报/季报
综合收益总额,Total Comprehensive Income,Statement of Comprehensive Income,综合收益表,年报/半年报/季报
归属于母公司股东及其他权益持有者的综合收益总额,Comprehensive Income Attributable to Parent,Statement of Comprehensive Income,综合收益表,年报/半年报/季报
归属于母公司普通股股东的综合收益总额,Comprehensive Income Attributable to Ordinary Shareholders,Statement of Comprehensive Income,综合收益表,年报/半年报/季报
归属于少数股东的综合收益总额,Comprehensive Income Attributable to Minority Interest,Statement of Comprehensive Income,综合收益表,年报/半年报/季报
其他综合收益的税后净额,Other Comprehensive Income Net of Tax,Statement of Comprehensive Income,综合收益表,年报/半年报/季报
境内收入,Domestic Revenue,Segment Information - Geographic Regions,分部信息 — 分地区,年报/半年报
境内营业成本,Domestic Operating Costs,Segment Information - Geographic Regions,分部信息 — 分地区,年报/半年报
境内毛利率,Domestic Gross Margin,Segment Information - Geographic Regions,分部信息 — 分地区,年报/半年报
境内收入占比,Domestic Revenue Ratio,Segment Information - Geographic Regions,分部信息 — 分地区,年报/半年报
境外收入,Overseas Revenue,Segment Information - Geographic Regions,分部信息 — 分地区,年报/半年报
境外营业成本,Overseas Operating Costs,Segment Information - Geographic Regions,分部信息 — 分地区,年报/半年报
境外毛利率,Overseas Gross Margin,Segment Information - Geographic Regions,分部信息 — 分地区,年报/半年报
境外收入占比,Overseas Revenue Ratio,Segment Information - Geographic Regions,分部信息 — 分地区,年报/半年报
分红金额,Total Dividend Amount,Important Matters - Profit Distribution,重要事项 — 利润分配,年报
分红率,Dividend Payout Ratio,Important Matters - Profit Distribution,重要事项 — 利润分配,年报
A股分红金额,A-Share Dividend Amount,Important Matters - Profit Distribution,重要事项 — 利润分配,年报
A股融资金额,A-Share Financing Amount,Financing Information,融资情况,年报
年度涨跌幅,Annual Price Change,Market Data (External),市场数据（外部）,年报
前五大客户收入占比,Top 5 Customers Revenue Ratio,Customer Information,客户情况,年报
前五大供应商采购占比,Top 5 Suppliers Purchase Ratio,Supplier Information,供应商情况,年报
发放贷款及垫款的净减少额,Net Decrease in Loans and Advances,Cash Flow Statement - Operating Activities,现金流量表 — 经营活动,年报/半年报/季报
向中央银行借款净增加额,Net Increase in Borrowings from Central Bank,Cash Flow Statement - Operating Activities,现金流量表 — 经营活动,年报/半年报/季报
客户存款和同业及其他金融机构存放款项净增加额,Net Increase in Customer Deposits and Due to Banks,Cash Flow Statement - Operating Activities,现金流量表 — 经营活动,年报/半年报/季报
客户存款净增加额,Net Increase in Customer Deposits,Cash Flow Statement - Operating Activities,现金流量表 — 经营活动,年报/半年报/季报
同业及其他金融机构存放款项净增加额,Net Increase in Due to Other Banks,Cash Flow Statement - Operating Activities,现金流量表 — 经营活动,年报/半年报/季报
存放中央银行和同业及其他金融机构款项净减少额,Net Decrease in Reserves and Due from Banks,Cash Flow Statement - Operating Activities,现金流量表 — 经营活动,年报/半年报/季报
存放中央银行款项净减少额,Net Decrease in Reserves with Central Bank,Cash Flow Statement - Operating Activities,现金流量表 — 经营活动,年报/半年报/季报
存放同业及其他金融机构款项净减少额,Net Decrease in Due from Banks,Cash Flow Statement - Operating Activities,现金流量表 — 经营活动,年报/半年报/季报
拆入资金及卖出回购金融资产净增加额,Net Increase in Borrowings and Repo,Cash Flow Statement - Operating Activities,现金流量表 — 经营活动,年报/半年报/季报
拆入资金净增加额,Net Increase in Borrowings from Banks,Cash Flow Statement - Operating Activities,现金流量表 — 经营活动,年报/半年报/季报
卖出回购业务资金净增加额,Net Increase in Repo,Cash Flow Statement - Operating Activities,现金流量表 — 经营活动,年报/半年报/季报
拆出资金及买入返售金融资产净减少额,Net Decrease in Loans to Banks and Reverse Repo,Cash Flow Statement - Operating Activities,现金流量表 — 经营活动,年报/半年报/季报
拆出资金净减少额,Net Decrease in Loans to Banks,Cash Flow Statement - Operating Activities,现金流量表 — 经营活动,年报/半年报/季报
买入返售金融资产款净减少额,Net Decrease in Reverse Repo,Cash Flow Statement - Operating Activities,现金流量表 — 经营活动,年报/半年报/季报
为交易目的而持有的金融资产净减少额,Net Decrease in Trading Financial Assets,Cash Flow Statement - Operating Activities,现金流量表 — 经营活动,年报/半年报/季报
收取利息、手续费及佣金的现金,Cash Received from Interest,Cash Flow Statement - Operating Activities,现金流量表 — 经营活动,年报/半年报/季报
收到的其他与经营活动有关现金,Other Cash Receipts from Operating Activities,Cash Flow Statement - Operating Activities,现金流量表 — 经营活动,年报/半年报/季报
经营活动现金流入小计,Total Operating Cash Inflows,Cash Flow Statement - Operating Activities,现金流量表 — 经营活动,年报/半年报/季报
发放贷款及垫款的净增加额,Net Increase in Loans and Advances,Cash Flow Statement - Operating Activities,现金流量表 — 经营活动,年报/半年报/季报
向中央银行借款净减少额,Net Decrease in Borrowings from Central Bank,Cash Flow Statement - Operating Activities,现金流量表 — 经营活动,年报/半年报/季报
客户存款和同业及其他金融机构存放款项净减少额,Net Decrease in Customer Deposits and Due to Banks,Cash Flow Statement - Operating Activities,现金流量表 — 经营活动,年报/半年报/季报
客户存款净减少额,Net Decrease in Customer Deposits,Cash Flow Statement - Operating Activities,现金流量表 — 经营活动,年报/半年报/季报
同业及其他金融机构存放款项净减少额,Net Decrease in Due to Other Banks,Cash Flow Statement - Operating Activities,现金流量表 — 经营活动,年报/半年报/季报
存放中央银行和同业及其他金融机构款项净增加额,Net Increase in Reserves and Due from Banks,Cash Flow Statement - Operating Activities,现金流量表 — 经营活动,年报/半年报/季报
存放中央银行款净增加额,Net Increase in Reserves with Central Bank,Cash Flow Statement - Operating Activities,现金流量表 — 经营活动,年报/半年报/季报
存放同业及其他金融机构款项净增加额,Net Increase in Due from Banks,Cash Flow Statement - Operating Activities,现金流量表 — 经营活动,年报/半年报/季报
拆入资金及卖出回购金融资产款净减少额,Net Decrease in Borrowings and Repo,Cash Flow Statement - Operating Activities,现金流量表 — 经营活动,年报/半年报/季报
拆入资金净减少额,Net Decrease in Borrowings from Banks,Cash Flow Statement - Operating Activities,现金流量表 — 经营活动,年报/半年报/季报
卖出回购业务资金净减少额,Net Decrease in Repo,Cash Flow Statement - Operating Activities,现金流量表 — 经营活动,年报/半年报/季报
拆出资金及买入返售金融资产净增加额,Net Increase in Loans to Banks and Reverse Repo,Cash Flow Statement - Operating Activities,现金流量表 — 经营活动,年报/半年报/季报
拆出资金增加额,Net Increase in Loans to Banks,Cash Flow Statement - Operating Activities,现金流量表 — 经营活动,年报/半年报/季报
买入返售金融资产净增加额,Net Increase in Reverse Repo,Cash Flow Statement - Operating Activities,现金流量表 — 经营活动,年报/半年报/季报
为交易目的而持有的金融资产净增加额,Net Increase in Trading Financial Assets,Cash Flow Statement - Operating Activities,现金流量表 — 经营活动,年报/半年报/季报
支付利息、手续费及佣金的现金,Cash Paid for Interest,Cash Flow Statement - Operating Activities,现金流量表 — 经营活动,年报/半年报/季报
支付给职工及为职工支付的现金,Cash Paid to Employees,Cash Flow Statement - Operating Activities,现金流量表 — 经营活动,年报/半年报/季报
支付的各种税费,Cash Paid for Taxes,Cash Flow Statement - Operating Activities,现金流量表 — 经营活动,年报/半年报/季报
支付的其他与经营活动有关现金,Other Cash Payments for Operating Activities,Cash Flow Statement - Operating Activities,现金流量表 — 经营活动,年报/半年报/季报
经营活动现金流出小计,Total Operating Cash Outflows,Cash Flow Statement - Operating Activities,现金流量表 — 经营活动,年报/半年报/季报
经营活动产生的现金流量净额,Net Cash from Operating Activities,Cash Flow Statement - Operating Activities,现金流量表 — 经营活动,年报/半年报/季报
收回投资收到的现金,Cash Received from Disposal of Investments,Cash Flow Statement - Investing Activities,现金流量表 — 投资活动,年报/半年报/季报
取得投资收益所收到的现金,Cash Received from Investment Income,Cash Flow Statement - Investing Activities,现金流量表 — 投资活动,年报/半年报/季报
处置固定资产、无形资产及其他长期资产收到的现金,Cash Received from Disposal of Long-term Assets,Cash Flow Statement - Investing Activities,现金流量表 — 投资活动,年报/半年报/季报
处置子公司、合营联营企业及其他营业单位收到的现金净额,Net Cash from Disposal of Subsidiaries and Associates,Cash Flow Statement - Investing Activities,现金流量表 — 投资活动,年报/半年报/季报
处置子公司或其他营业单位收到的现金净额,Net Cash from Disposal of Subsidiaries,Cash Flow Statement - Investing Activities,现金流量表 — 投资活动,年报/半年报/季报
处置合营或联营公司所收到的现金,Cash Received from Disposal of Associates,Cash Flow Statement - Investing Activities,现金流量表 — 投资活动,年报/半年报/季报
收到的其他与投资活动相关的现金,Other Cash Receipts from Investing Activities,Cash Flow Statement - Investing Activities,现金流量表 — 投资活动,年报/半年报/季报
投资活动现金流入小计,Total Investing Cash Inflows,Cash Flow Statement - Investing Activities,现金流量表 — 投资活动,年报/半年报/季报
投资所支付的现金,Cash Paid for Investments,Cash Flow Statement - Investing Activities,现金流量表 — 投资活动,年报/半年报/季报
购建固定资产、无形资产及其他长期资产所支付的现金,Cash Paid for Purchase of Long-term Assets,Cash Flow Statement - Investing Activities,现金流量表 — 投资活动,年报/半年报/季报
取得子公司、合营联营企业及其他营业单位支付的现金净额,Net Cash for Acquisition of Subsidiaries and Associates,Cash Flow Statement - Investing Activities,现金流量表 — 投资活动,年报/半年报/季报
取得子公司及其营业单位支付的现金净额,Net Cash for Acquisition of Subsidiaries,Cash Flow Statement - Investing Activities,现金流量表 — 投资活动,年报/半年报/季报
取得联营及合营公司支付的现金净额,Net Cash for Acquisition of Associates,Cash Flow Statement - Investing Activities,现金流量表 — 投资活动,年报/半年报/季报
支付的其他与投资活动有关的现金,Other Cash Payments for Investing Activities,Cash Flow Statement - Investing Activities,现金流量表 — 投资活动,年报/半年报/季报
投资活动现金流出小计,Total Investing Cash Outflows,Cash Flow Statement - Investing Activities,现金流量表 — 投资活动,年报/半年报/季报
投资活动产生的现金流量净额,Net Cash from Investing Activities,Cash Flow Statement - Investing Activities,现金流量表 — 投资活动,年报/半年报/季报
吸收投资收到的现金,Cash Received from Capital Contributions,Cash Flow Statement - Financing Activities,现金流量表 — 筹资活动,年报/半年报/季报
子公司吸收少数股东投资收到的现金,Cash Received from Minority Shareholders,Cash Flow Statement - Financing Activities,现金流量表 — 筹资活动,年报/半年报/季报
资产证券化收到的现金,Cash Received from Asset Securitization,Cash Flow Statement - Financing Activities,现金流量表 — 筹资活动,年报/半年报/季报
发行存款证收到的现金,Cash Received from Issuance of Certificates of Deposit,Cash Flow Statement - Financing Activities,现金流量表 — 筹资活动,年报/半年报/季报
发行债券收到的现金,Cash Received from Issuance of Bonds,Cash Flow Statement - Financing Activities,现金流量表 — 筹资活动,年报/半年报/季报
发行同业存单收到的现金,Cash Received from Issuance of Negotiable CDs,Cash Flow Statement - Financing Activities,现金流量表 — 筹资活动,年报/半年报/季报
发行永续债收到的现金,Cash Received from Issuance of Perpetual Bonds,Cash Flow Statement - Financing Activities,现金流量表 — 筹资活动,年报/半年报/季报
上市募集资金总额,Total IPO Proceeds,Cash Flow Statement - Financing Activities,现金流量表 — 筹资活动,年报
收到的其他与筹资活动有关的现金,Other Cash Receipts from Financing Activities,Cash Flow Statement - Financing Activities,现金流量表 — 筹资活动,年报/半年报/季报
筹资活动产生的现金流入小计,Total Financing Cash Inflows,Cash Flow Statement - Financing Activities,现金流量表 — 筹资活动,年报/半年报/季报
偿还已发行存款证支付的现金,Cash Paid for Redemption of CDs,Cash Flow Statement - Financing Activities,现金流量表 — 筹资活动,年报/半年报/季报
偿付债务支付的现金,Cash Paid for Debt Repayment,Cash Flow Statement - Financing Activities,现金流量表 — 筹资活动,年报/半年报/季报
偿还已发行同业存单支付的现金,Cash Paid for Redemption of Negotiable CDs,Cash Flow Statement - Financing Activities,现金流量表 — 筹资活动,年报/半年报/季报
偿还债券利息支付的现金,Cash Paid for Bond Interest,Cash Flow Statement - Financing Activities,现金流量表 — 筹资活动,年报/半年报/季报
分配股利、利润或偿付利息所支付的现金,Cash Paid for Dividends and Interest,Cash Flow Statement - Financing Activities,现金流量表 — 筹资活动,年报/半年报/季报
子公司支付少数股东股利及利润,Dividends Paid to Minority Shareholders,Cash Flow Statement - Financing Activities,现金流量表 — 筹资活动,年报/半年报/季报
赎回非控制性权益支付的现金,Cash Paid for Redemption of Non-controlling Interests,Cash Flow Statement - Financing Activities,现金流量表 — 筹资活动,年报/半年报/季报
支付新股发行费用,Cash Paid for Share Issuance Expenses,Cash Flow Statement - Financing Activities,现金流量表 — 筹资活动,年报
支付的其他与筹资活动有关的现金,Other Cash Payments for Financing Activities,Cash Flow Statement - Financing Activities,现金流量表 — 筹资活动,年报/半年报/季报
筹资活动产生的现金流出小计,Total Financing Cash Outflows,Cash Flow Statement - Financing Activities,现金流量表 — 筹资活动,年报/半年报/季报
筹资活动产生的现金流量净额,Net Cash from Financing Activities,Cash Flow Statement - Financing Activities,现金流量表 — 筹资活动,年报/半年报/季报
汇率变动对现金及现金等价物的影响,Effect of Exchange Rate Changes on Cash,Cash Flow Statement - Net Increase,现金流量表 — 现金及现金等价物净增加额,年报/半年报/季报
期初现金及现金等价物的余额,Beginning Cash and Cash Equivalents Balance,Cash Flow Statement - Net Increase,现金流量表 — 现金及现金等价物净增加额,年报/半年报/季报
现金及现金等价物的净增加额,Net Increase in Cash and Cash Equivalents,Cash Flow Statement - Net Increase,现金流量表 — 现金及现金等价物净增加额,年报/半年报/季报
期末现金及现金等价物净余额,Ending Cash and Cash Equivalents Balance,Cash Flow Statement - Net Increase,现金流量表 — 现金及现金等价物净增加额,年报/半年报/季报
净利润,Net Profit (Supplemental),Cash Flow Statement - Supplemental Notes,现金流量表 — 附注,年报/半年报/季报
加：资产减值准备,Add: Asset Impairment Provisions,Cash Flow Statement - Supplemental Notes,现金流量表 — 附注,年报/半年报/季报
信用减值损失,Credit Impairment Loss,Cash Flow Statement - Supplemental Notes,现金流量表 — 附注,年报/半年报/季报
固定资产折旧、油气资产折耗、生产性生物资产折旧,Depreciation of Fixed Assets,Cash Flow Statement - Supplemental Notes,现金流量表 — 附注,年报/半年报/季报
投资性房地产的折旧及摊销,Depreciation and Amortization of Investment Properties,Cash Flow Statement - Supplemental Notes,现金流量表 — 附注,年报/半年报/季报
使用权资产摊销,Amortization of Right-of-Use Assets,Cash Flow Statement - Supplemental Notes,现金流量表 — 附注,年报/半年报/季报
无形资产摊销,Amortization of Intangible Assets,Cash Flow Statement - Supplemental Notes,现金流量表 — 附注,年报/半年报/季报
长期待摊费用摊销,Amortization of Long-term Prepaid Expenses,Cash Flow Statement - Supplemental Notes,现金流量表 — 附注,年报/半年报/季报
处置固定资产、无形资产和其他长期资产的损失,Loss on Disposal of Long-term Assets,Cash Flow Statement - Supplemental Notes,现金流量表 — 附注,年报/半年报/季报
固定资产报废损失,Loss on Retirement of Fixed Assets,Cash Flow Statement - Supplemental Notes,现金流量表 — 附注,年报/半年报/季报
公允价值变动损失,Fair Value Change Loss,Cash Flow Statement - Supplemental Notes,现金流量表 — 附注,年报/半年报/季报
财务费用,Finance Costs,Cash Flow Statement - Supplemental Notes,现金流量表 — 附注,年报/半年报/季报
投资损失,Investment Loss,Cash Flow Statement - Supplemental Notes,现金流量表 — 附注,年报/半年报/季报
递延所得税资产减少,Decrease in Deferred Tax Assets,Cash Flow Statement - Supplemental Notes,现金流量表 — 附注,年报/半年报/季报
递延所得税负债增加,Increase in Deferred Tax Liabilities,Cash Flow Statement - Supplemental Notes,现金流量表 — 附注,年报/半年报/季报
存货的减少,Decrease in Inventories,Cash Flow Statement - Supplemental Notes,现金流量表 — 附注,年报/半年报/季报
经营性应收项目的减少,Decrease in Operating Receivables,Cash Flow Statement - Supplemental Notes,现金流量表 — 附注,年报/半年报/季报
经营性应付项目的增加,Increase in Operating Payables,Cash Flow Statement - Supplemental Notes,现金流量表 — 附注,年报/半年报/季报
其他,Other Adjustments,Cash Flow Statement - Supplemental Notes,现金流量表 — 附注,年报/半年报/季报
一年内到期的可转换公司债券,Convertible Bonds Due Within One Year,Cash Flow Statement - Supplemental Notes,现金流量表 — 附注,年报/半年报/季报
融资租入固定资产,Finance Lease Fixed Assets,Cash Flow Statement - Supplemental Notes,现金流量表 — 附注,年报/半年报/季报
人均营业收入,Revenue per Employee,Computed,计算指标,年报/半年报/季报
人均净利润,Net Profit per Employee,Computed,计算指标,年报/半年报/季报
人均薪酬,Salary per Employee,Human Resources - Employee Information,人力资源管理 — 员工情况,年报/半年报/季报
贷存比,Loan-to-Deposit Ratio,Notes to Financial Statements,财务报表附注,年报/半年报/季报
归属于母公司普通股股东的每股收益,EPS Attributable to Ordinary Shareholders,Notes to Financial Statements,财务报表附注,年报/半年报/季报
归属于母公司普通股股东的每股扣非收益,Recurring EPS Attributable to Ordinary Shareholders,Notes to Financial Statements,财务报表附注,年报/半年报/季报
每股资本公积,Capital Reserve per Share,Notes to Financial Statements,财务报表附注,年报/半年报/季报
每股未分配利润,Retained Earnings per Share,Notes to Financial Statements,财务报表附注,年报/半年报/季报
每股分红,Dividend per Share,Notes to Financial Statements,财务报表附注,年报
每股经营活动产生的现金流量,Operating Cash Flow per Share,Notes to Financial Statements,财务报表附注,年报/半年报/季报
每股经营活动产生的现金流量净额,Net Operating Cash Flow per Share,Notes to Financial Statements,财务报表附注,年报/半年报/季报
归属于少数股股东的ROE,ROE Attributable to Minority Interest,Notes to Financial Statements,财务报表附注,年报/半年报/季报
归属于母公司普通股股东的ROE,ROE Attributable to Ordinary Shareholders,Notes to Financial Statements,财务报表附注,年报/半年报/季报
归属于母公司普通股股东的扣非ROE,Recurring ROE Attributable to Ordinary Shareholders,Notes to Financial Statements,财务报表附注,年报/半年报/季报
风险加权资产收益率（RORWA）,RORWA,Notes to Financial Statements,财务报表附注,年报/半年报
净资产收益率（ROE）,ROE,Notes to Financial Statements,财务报表附注,年报/半年报/季报
杠杆倍数,Leverage Ratio,Notes to Financial Statements,财务报表附注,年报/半年报/季报
总资产收益率（ROA）,ROA,Notes to Financial Statements,财务报表附注,年报/半年报/季报
总资产周转率,Total Asset Turnover,Notes to Financial Statements,财务报表附注,年报/半年报/季报
固定资产周转率,Fixed Asset Turnover,Notes to Financial Statements,财务报表附注,年报/半年报/季报
固定资产周转天数,Fixed Asset Turnover Days,Notes to Financial Statements,财务报表附注,年报/半年报/季报
股东权益周转天数,Equity Turnover Days,Notes to Financial Statements,财务报表附注,年报/半年报/季报
总资产周转天数,Total Asset Turnover Days,Notes to Financial Statements,财务报表附注,年报/半年报/季报
自由现金流量,Free Cash Flow,Notes to Financial Statements,财务报表附注,年报/半年报/季报
经投融产生的现金流量净额,Net Cash from Operating/Investing/Financing Activities,Cash Flow Statement,现金流量表,年报/半年报/季报
