指标名称,别名,模块,子模块,来源类型,报表类型,提取器,适用范围,所在位置,适用行业,适用子类型,适用公司,排除公司,akshare_statement,akshare_field,report_selectors,schema_hint,computed_formula,computed_inputs,单位,周期类型,方向,备注,csv_annotated,csv_source
资产总计,总资产 | 资产总额 | Total Assets,balance_sheet,一、资产,akshare,年报/半年报/季报,auto,universal[*],akshare:balance_sheet,*,*,*,,balance_sheet,资产总计,,,,,元,annual,none,Standard balance-sheet line item; akshare preferred.,True,
负债合计,总负债 | Total Liabilities,balance_sheet,二、负债,akshare,年报/半年报/季报,auto,universal[*],akshare:balance_sheet,*,*,*,,balance_sheet,负债合计,,,,,元,annual,none,Standard balance-sheet line item.,True,
所有者权益合计,股东权益合计 | 净资产 | Total Equity,balance_sheet,三、所有者权益,akshare,年报/半年报/季报,auto,universal[*],akshare:balance_sheet,*,*,*,,balance_sheet,所有者权益合计,,,,,元,annual,none,Standard balance-sheet line item.,True,
客户存款,存款总额 | Customer Deposits,balance_sheet,二、负债,report,年报/半年报/季报,llm,bank(*)[*],客户存款,bank,*,*,,,,客户存款 | 资产负债表,"{""indicator"": ""客户存款"", ""period"": ""本年""}",,,元,annual,none,Bank deposit balance; reported in the consolidated balance sheet narrative.,True,
发放贷款及垫款,贷款及垫款 | 贷款余额 | Loans and Advances to Customers,balance_sheet,一、资产,report,年报/半年报/季报,llm,bank(*)[*],发放贷款及垫款,bank,*,*,,,,发放贷款及垫款 | 资产负债表,,,,元,annual,none,Bank loan balance.,True,
资本充足率,CAR | Capital Adequacy Ratio,balance_sheet,四、核心指标,report,年报/半年报,llm,bank(*)[*],资本充足率分析,bank,*,*,,,,资本充足率分析 | 资本充足率 | 风险管理,"{""indicator"": ""资本充足率"", ""period"": ""本年"", ""unit"": ""%""}",,,%,annual,higher_is_better,Bank-specific capital adequacy; not in akshare standard statements. Section title varies by bank.,True,
一级资本充足率,Tier 1 Capital Adequacy Ratio,balance_sheet,四、核心指标,report,年报/半年报,llm,bank(*)[*],资本充足率分析,bank,*,*,,,,资本充足率分析 | 资本充足率 | 风险管理,"{""indicator"": ""一级资本充足率"", ""period"": ""本年"", ""unit"": ""%""}",,,%,annual,higher_is_better,Tier-1 capital adequacy.,True,
核心一级资本充足率,Common Equity Tier 1 Capital Adequacy Ratio,balance_sheet,四、核心指标,report,年报/半年报,llm,bank(*)[*],资本充足率分析,bank,*,*,,,,资本充足率分析 | 资本充足率 | 风险管理,"{""indicator"": ""核心一级资本充足率"", ""period"": ""本年"", ""unit"": ""%""}",,,%,annual,higher_is_better,Core tier-1 capital adequacy.,True,
风险加权资产合计,RWA | Total Risk-Weighted Assets,balance_sheet,四、核心指标,report,年报/半年报,llm,bank(*)[*],资本充足率,bank,*,*,,,,资本充足率 | 风险管理,,,,元,annual,none,Risk-weighted assets.,True,
净利差,Net Interest Spread,balance_sheet,四、核心指标,report,年报/半年报,llm,bank(*)[*],主要财务指标,bank,*,*,,,,主要财务指标 | 财务概要 | 讨论与分析 | 管理层讨论与分析,,,,%,annual,higher_is_better,Net interest spread.,True,
净息差,NIM | Net Interest Margin,balance_sheet,四、核心指标,report,年报/半年报,llm,bank(*)[*],主要财务指标,bank,*,*,,,,主要财务指标 | 财务概要 | 讨论与分析 | 管理层讨论与分析,,,,%,annual,higher_is_better,Net interest margin.,True,
流动性覆盖率,LCR | Liquidity Coverage Ratio,balance_sheet,四、核心指标,report,年报/半年报,llm,bank(*)[*],流动性风险,bank,*,*,,,,流动性风险 | 风险管理,,,,%,annual,higher_is_better,Liquidity coverage ratio.,True,
流动性比例（人民币）,人民币流动性比例 | Liquidity Ratio (RMB),balance_sheet,四、核心指标,report,年报/半年报/季报,llm,bank(*)[*],流动性风险,bank,*,*,,,,流动性风险 | 风险管理,,,,%,annual,higher_is_better,RMB liquidity ratio.,True,
贷款和垫款总额,贷款总额 | Total Loans and Advances,balance_sheet,五、贷款质量,report,年报/半年报/季报,llm,bank(*)[*],五、贷款质量,bank,*,*,,,,五、贷款质量 | 贷款质量 | 信用风险 | 风险管理,,,,元,annual,none,Total loans & advances.,True,
不良贷款余额,不良余额 | Non-performing Loans,balance_sheet,五、贷款质量,report,年报/半年报/季报,llm,bank(*)[*],贷款质量,bank,*,*,,,,贷款质量 | 信用风险 | 风险管理,,,,元,annual,lower_is_better,Non-performing loan balance.,True,
不良率,不良贷款率 | NPL Ratio,balance_sheet,五、贷款质量,computed,年报/半年报/季报,computed,bank(*)[*],computed:不良贷款余额 / 贷款和垫款总额 * 100,bank,*,*,,,,,,不良贷款余额 / 贷款和垫款总额 * 100,不良贷款余额 | 贷款和垫款总额,%,annual,lower_is_better,Computed locally from extracted bases; not sent to the LLM.,True,
拨备覆盖率,不良贷款拨备覆盖率,balance_sheet,五、贷款质量,report,,llm,bank(*)[*],贷款质量,bank,*,*,,,,贷款质量 | 信用风险 | 风险管理,,,,%,annual,higher_is_better,NPL coverage ratio.,,
拨贷比,贷款拨备率 | Loan Loss Provision Ratio,balance_sheet,五、贷款质量,report,年报/半年报/季报,llm,bank(*)[*],贷款质量,bank,*,*,,,,贷款质量 | 信用风险,,,,%,annual,higher_is_better,Provision-to-loan ratio.,True,
正常类贷款迁徙率,Passing Loan Migration Rate,balance_sheet,五、贷款质量,report,年报/半年报,llm,bank(*)[*],贷款质量,bank,*,*,,,,贷款质量 | 信用风险,,,,%,annual,lower_is_better,Pass-category migration rate.,True,
关注类贷款迁徙率,Special Mention Loan Migration Rate,balance_sheet,五、贷款质量,report,年报/半年报,llm,bank(*)[*],贷款质量,bank,*,*,,,,贷款质量 | 信用风险,,,,%,annual,lower_is_better,Special-mention migration rate.,True,
次级类贷款迁徙率,Substandard Loan Migration Rate,balance_sheet,五、贷款质量,report,年报/半年报,llm,bank(*)[*],贷款质量,bank,*,*,,,,贷款质量 | 信用风险,,,,%,annual,lower_is_better,Substandard migration rate.,True,
可疑类贷款迁徙率,Doubtful Loan Migration Rate,balance_sheet,五、贷款质量,report,年报/半年报,llm,bank(*)[*],贷款质量,bank,*,*,,,,贷款质量 | 信用风险,,,,%,annual,lower_is_better,Doubtful migration rate.,True,
逾期贷款率,Overdue Loan Ratio,balance_sheet,五、贷款质量,report,年报/半年报/季报,llm,bank(*)[*],贷款质量,bank,*,*,,,,贷款质量 | 信用风险,,,,%,annual,lower_is_better,Overdue loan ratio.,True,
重组贷款率,Restructured Loan Ratio,balance_sheet,五、贷款质量,report,年报/半年报/季报,llm,bank(*)[*],贷款质量,bank,*,*,,,,贷款质量 | 信用风险,,,,%,annual,lower_is_better,Restructured loan ratio.,True,
逾期90天重组贷款率,逾期 90 天重组贷款率 | Restructured Loan Overdue 90 Days Ratio,balance_sheet,五、贷款质量,report,年报/半年报/季报,llm,bank(国有大行/股份制)[*],贷款质量,bank,国有大行 | 股份制,*,,,,贷款质量 | 信用风险,,,,%,annual,lower_is_better,Company-specific: only major banks disclose this breakdown. Sub-type scoped to 国有大行/股份制.,True,
员工人数,在职员工人数 | Number of Employees,balance_sheet,六、员工情况,report,年报/半年报/季报,python:headcount,universal[*],人力资源管理,*,*,*,,,,人力资源管理 | 员工情况 | 员工,"{""indicator"": ""员工人数""}",,,人,annual,none,Headcount; deterministic regex extractor (label + number on the same/next line).,True,
前十大股东持仓占总股本比例,前十大股东持股比例 | Top 10 Shareholders Ownership,balance_sheet,七、股本、股东以及估值,report,年报/半年报/季报,llm,universal[*],股本变动,*,*,*,,,,股本变动 | 股份变动及股东情况 | 股东情况 | 主要股东,,,,%,annual,none,Top-10 shareholders' aggregate holding.,True,
营业收入,营收 | Operating Revenue,income_statement,一、营业收入,akshare,年报/半年报/季报,auto,universal[*],akshare:income_statement,*,*,*,,income_statement,营业收入,,,,,元,annual,higher_is_better,Standard income-statement line item.,True,
净利润,Net Profit,income_statement,五、净利润,akshare,年报/半年报/季报,auto,universal[*],akshare:income_statement,*,*,*,,income_statement,净利润,,,,,元,annual,higher_is_better,Standard income-statement line item.,True,
净利息收入,Net Interest Income,income_statement,一、营业收入,akshare,年报/半年报/季报,auto,bank(*)[*],akshare:income_statement,bank,*,*,,income_statement,利息净收入,,,,,元,annual,higher_is_better,Net interest income; akshare column name is 利息净收入.,True,
手续费及佣金净收入,中间业务收入 | Net Fee and Commission Income,income_statement,一、营业收入,akshare,年报/半年报/季报,auto,bank(*)[*],akshare:income_statement,bank,*,*,,income_statement,手续费及佣金净收入,,,,,元,annual,higher_is_better,Fee & commission net income.,True,
营业利润,Operating Profit,income_statement,三、营业利润,akshare,年报/半年报/季报,auto,universal[*],akshare:income_statement,*,*,*,,income_statement,营业利润,,,,,元,annual,higher_is_better,Operating profit.,True,
利润总额,Total Profit,income_statement,四、利润总额,akshare,年报/半年报/季报,auto,universal[*],akshare:income_statement,*,*,*,,income_statement,利润总额,,,,,元,annual,higher_is_better,Total profit.,True,
基本每股收益,EPS | Basic EPS,income_statement,六、每股收益,akshare,年报/半年报/季报,auto,universal[*],akshare:income_statement,*,*,*,,income_statement,基本每股收益,,,,,元/股,annual,higher_is_better,Basic EPS.,True,
分红金额,现金分红 | Total Dividend Amount,income_statement,九、分红、融资及涨跌幅,report,年报,llm,universal[*],利润分配,*,*,*,,,,利润分配 | 重要事项,,,,元,annual,none,Cash dividend amount.,True,
经营活动产生的现金流量净额,经营现金流净额 | Net Cash from Operating Activities,cashflow,一、经营活动产生的现金流量,akshare,年报/半年报/季报,auto,universal[*],akshare:cashflow,*,*,*,,cashflow,经营活动产生的现金流量净额,,,,,元,annual,higher_is_better,Operating cash flow net.,True,
投资活动产生的现金流量净额,投资现金流净额 | Net Cash from Investing Activities,cashflow,二、投资活动产生的现金流量,akshare,年报/半年报/季报,auto,universal[*],akshare:cashflow,*,*,*,,cashflow,投资活动产生的现金流量净额,,,,,元,annual,none,Investing cash flow net.,True,
筹资活动产生的现金流量净额,筹资现金流净额 | Net Cash from Financing Activities,cashflow,三、筹资活动产生的现金流量,akshare,年报/半年报/季报,auto,universal[*],akshare:cashflow,*,*,*,,cashflow,筹资活动产生的现金流量净额,,,,,元,annual,none,Financing cash flow net.,True,
资产负债率,Asset-Liability Ratio,financial_ratio,七、偿债及资本结构,computed,年报/半年报/季报,computed,universal[*],computed:负债合计 / 资产总计 * 100,*,*,*,,,,,,负债合计 / 资产总计 * 100,负债合计 | 资产总计,%,annual,none,Computed locally.,True,
净利润率,销售净利率 | Net Profit Margin,financial_ratio,四、盈利能力,computed,年报/半年报/季报,computed,universal[*],computed:净利润 / 营业收入 * 100,*,*,*,,,,,,净利润 / 营业收入 * 100,净利润 | 营业收入,%,annual,higher_is_better,Computed locally.,True,
营业利润率,Operating Profit Margin,financial_ratio,四、盈利能力,computed,年报/半年报/季报,computed,universal[*],computed:营业利润 / 营业收入 * 100,*,*,*,,,,,,营业利润 / 营业收入 * 100,营业利润 | 营业收入,%,annual,higher_is_better,Computed locally.,True,
拨贷比_coverage,拨备覆盖率_calc,financial_ratio,四、盈利能力,computed,,computed,bank(*)[*],computed:贷款损失准备 / 不良贷款余额 * 100,bank,*,*,,,,,,贷款损失准备 / 不良贷款余额 * 100,贷款损失准备 | 不良贷款余额,%,annual,higher_is_better,Computed coverage ratio example; requires 贷款损失准备 to be extracted first.,,
人均营业收入,Revenue per Employee,financial_ratio,一、人均指标,computed,年报/半年报/季报,computed,universal[*],computed:营业收入 / 员工人数,*,*,*,,,,,,营业收入 / 员工人数,营业收入 | 员工人数,元/人,annual,higher_is_better,Computed locally; requires 员工人数 from the report path.,True,
人均净利润,Net Profit per Employee,financial_ratio,一、人均指标,computed,年报/半年报/季报,computed,universal[*],computed:净利润 / 员工人数,*,*,*,,,,,,净利润 / 员工人数,净利润 | 员工人数,元/人,annual,higher_is_better,Computed locally.,True,
境内收入,境内营业收入 | Domestic Revenue,income_statement,八、区域收入,report,年报/半年报,llm,universal[*],分部信息,*,*,*,,,,分部信息 | 分地区 | 营业收入构成,,,,元,annual,none,Domestic revenue; company-specific disclosure (not all companies report by region).,True,
境外收入,境外营业收入 | Overseas Revenue,income_statement,八、区域收入,report,年报/半年报,llm,universal[*],分部信息,*,*,*,,,,分部信息 | 分地区 | 营业收入构成,,,,元,annual,none,Overseas revenue; company-specific disclosure.,True,
现金及存放中央银行款项,Cash and Reserves with Central Bank,balance_sheet,资产负债表 — 一、资产,report,年报/半年报/季报,python:table_row,universal[*],资产负债表,*,*,*,,,,资产负债表,,,,元,annual,none,sourced from indicators_position.csv (section: 资产负债表 — 一、资产),,True
现金,Cash,balance_sheet,资产负债表 — 一、资产,report,年报/半年报/季报,python:table_row,universal[*],资产负债表,*,*,*,,,,资产负债表,,,,元,annual,none,sourced from indicators_position.csv (section: 资产负债表 — 一、资产),,True
存放中央银行款项,Reserves with Central Bank,balance_sheet,资产负债表 — 一、资产,report,年报/半年报/季报,python:table_row,universal[*],资产负债表,*,*,*,,,,资产负债表,,,,元,annual,none,sourced from indicators_position.csv (section: 资产负债表 — 一、资产),,True
存放同业及其他金融机构款项,Due from Banks,balance_sheet,资产负债表 — 一、资产,report,年报/半年报/季报,python:table_row,universal[*],资产负债表,*,*,*,,,,资产负债表,,,,元,annual,none,sourced from indicators_position.csv (section: 资产负债表 — 一、资产),,True
贵金属,Precious Metals,balance_sheet,资产负债表 — 一、资产,report,年报/半年报/季报,python:table_row,universal[*],资产负债表,*,*,*,,,,资产负债表,,,,元,annual,none,sourced from indicators_position.csv (section: 资产负债表 — 一、资产),,True
拆出资金,Loans to Banks,balance_sheet,资产负债表 — 一、资产,report,年报/半年报/季报,python:table_row,universal[*],资产负债表,*,*,*,,,,资产负债表,,,,元,annual,none,sourced from indicators_position.csv (section: 资产负债表 — 一、资产),,True
买入返售金融资产,Reverse Repurchase Agreements,balance_sheet,资产负债表 — 一、资产,report,年报/半年报/季报,python:table_row,universal[*],资产负债表,*,*,*,,,,资产负债表,,,,元,annual,none,sourced from indicators_position.csv (section: 资产负债表 — 一、资产),,True
衍生金融资产,Derivative Financial Assets,balance_sheet,资产负债表 — 一、资产,report,年报/半年报/季报,python:table_row,universal[*],资产负债表,*,*,*,,,,资产负债表,,,,元,annual,none,sourced from indicators_position.csv (section: 资产负债表 — 一、资产),,True
金融投资,Financial Investments,balance_sheet,资产负债表 — 一、资产,report,年报/半年报/季报,python:table_row,universal[*],资产负债表,*,*,*,,,,资产负债表,,,,元,annual,none,sourced from indicators_position.csv (section: 资产负债表 — 一、资产),,True
以公允价值计量且其变动计入当期损益的金融投资,Financial Investments at FVTPL,balance_sheet,资产负债表 — 一、资产,report,年报/半年报/季报,python:table_row,universal[*],资产负债表,*,*,*,,,,资产负债表,,,,元,annual,none,sourced from indicators_position.csv (section: 资产负债表 — 一、资产),,True
以摊余成本计量的金融投资,Financial Investments at Amortized Cost,balance_sheet,资产负债表 — 一、资产,report,年报/半年报/季报,python:table_row,universal[*],资产负债表,*,*,*,,,,资产负债表,,,,元,annual,none,sourced from indicators_position.csv (section: 资产负债表 — 一、资产),,True
以公允价值计量且其变动计入其他综合收益的金融投资,Financial Investments at FVTOCI,balance_sheet,资产负债表 — 一、资产,report,年报/半年报/季报,python:table_row,universal[*],资产负债表,*,*,*,,,,资产负债表,,,,元,annual,none,sourced from indicators_position.csv (section: 资产负债表 — 一、资产),,True
以公允价值计量且其变动计入其他综合收益的债务工具投资,Debt Investments at FVTOCI,balance_sheet,资产负债表 — 一、资产,report,年报/半年报/季报,python:table_row,universal[*],资产负债表,*,*,*,,,,资产负债表,,,,元,annual,none,sourced from indicators_position.csv (section: 资产负债表 — 一、资产),,True
指定为以公允价值计量且其变动计入其他综合收益的权益工具投资,Equity Investments at FVTOCI,balance_sheet,资产负债表 — 一、资产,report,年报/半年报/季报,python:table_row,universal[*],资产负债表,*,*,*,,,,资产负债表,,,,元,annual,none,sourced from indicators_position.csv (section: 资产负债表 — 一、资产),,True
可供出售金融资产,Available-for-Sale Financial Assets,balance_sheet,资产负债表 — 一、资产,report,年报/半年报/季报,python:table_row,universal[*],资产负债表,*,*,*,,,,资产负债表,,,,元,annual,none,sourced from indicators_position.csv (section: 资产负债表 — 一、资产),,True
持有至到期投资,Held-to-Maturity Investments,balance_sheet,资产负债表 — 一、资产,report,年报/半年报/季报,python:table_row,universal[*],资产负债表,*,*,*,,,,资产负债表,,,,元,annual,none,sourced from indicators_position.csv (section: 资产负债表 — 一、资产),,True
应收款项投资,Investment Receivables,balance_sheet,资产负债表 — 一、资产,report,年报/半年报/季报,python:table_row,universal[*],资产负债表,*,*,*,,,,资产负债表,,,,元,annual,none,sourced from indicators_position.csv (section: 资产负债表 — 一、资产),,True
应收利息,Interest Receivable,balance_sheet,资产负债表 — 一、资产,report,年报/半年报/季报,python:table_row,universal[*],资产负债表,*,*,*,,,,资产负债表,,,,元,annual,none,sourced from indicators_position.csv (section: 资产负债表 — 一、资产),,True
长期应收款,Long-term Receivables,balance_sheet,资产负债表 — 一、资产,report,年报/半年报/季报,python:table_row,universal[*],资产负债表,*,*,*,,,,资产负债表,,,,元,annual,none,sourced from indicators_position.csv (section: 资产负债表 — 一、资产),,True
长期股权投资,Long-term Equity Investments,balance_sheet,资产负债表 — 一、资产,report,年报/半年报/季报,python:table_row,universal[*],资产负债表,*,*,*,,,,资产负债表,,,,股,annual,none,sourced from indicators_position.csv (section: 资产负债表 — 一、资产),,True
投资性房地产,Investment Properties,balance_sheet,资产负债表 — 一、资产,report,年报/半年报/季报,python:table_row,universal[*],资产负债表,*,*,*,,,,资产负债表,,,,元,annual,none,sourced from indicators_position.csv (section: 资产负债表 — 一、资产),,True
固定资产,Fixed Assets,balance_sheet,资产负债表 — 一、资产 / 附注,report,年报/半年报/季报,python:table_row,universal[*],资产负债表,*,*,*,,,,资产负债表,,,,元,annual,none,sourced from indicators_position.csv (section: 资产负债表 — 一、资产 / 附注),,True
固定资产占总资产比率,Fixed Assets to Total Assets Ratio,report_section,财务报表附注,report,年报/半年报/季报,python:percent_value,universal[*],财务报表附注,*,*,*,,,,财务报表附注,,,,%,annual,none,sourced from indicators_position.csv (section: 财务报表附注),,True
在建工程,Construction in Progress,balance_sheet,资产负债表 — 一、资产,report,年报/半年报/季报,python:table_row,universal[*],资产负债表,*,*,*,,,,资产负债表,,,,元,annual,none,sourced from indicators_position.csv (section: 资产负债表 — 一、资产),,True
使用权资产,Right-of-Use Assets,balance_sheet,资产负债表 — 一、资产,report,年报/半年报/季报,python:table_row,universal[*],资产负债表,*,*,*,,,,资产负债表,,,,元,annual,none,sourced from indicators_position.csv (section: 资产负债表 — 一、资产),,True
无形资产,Intangible Assets,balance_sheet,资产负债表 — 一、资产,report,年报/半年报/季报,python:table_row,universal[*],资产负债表,*,*,*,,,,资产负债表,,,,元,annual,none,sourced from indicators_position.csv (section: 资产负债表 — 一、资产),,True
商誉,Goodwill,balance_sheet,资产负债表 — 一、资产,report,年报/半年报/季报,python:table_row,universal[*],资产负债表,*,*,*,,,,资产负债表,,,,元,annual,none,sourced from indicators_position.csv (section: 资产负债表 — 一、资产),,True
商誉占净资产比率,Goodwill to Net Assets Ratio,report_section,财务报表附注,report,年报/半年报/季报,python:percent_value,universal[*],财务报表附注,*,*,*,,,,财务报表附注,,,,%,annual,none,sourced from indicators_position.csv (section: 财务报表附注),,True
递延所得税资产,Deferred Tax Assets,balance_sheet,资产负债表 — 一、资产,report,年报/半年报/季报,python:table_row,universal[*],资产负债表,*,*,*,,,,资产负债表,,,,元,annual,none,sourced from indicators_position.csv (section: 资产负债表 — 一、资产),,True
其他资产,Other Assets,balance_sheet,资产负债表 — 一、资产,report,年报/半年报/季报,python:table_row,universal[*],资产负债表,*,*,*,,,,资产负债表,,,,元,annual,none,sourced from indicators_position.csv (section: 资产负债表 — 一、资产),,True
向中央银行借款,Borrowings from Central Bank,balance_sheet,资产负债表 — 二、负债,report,年报/半年报/季报,python:table_row,universal[*],资产负债表,*,*,*,,,,资产负债表,,,,元,annual,none,sourced from indicators_position.csv (section: 资产负债表 — 二、负债),,True
同业存入及拆入,Due to Banks,balance_sheet,资产负债表 — 二、负债,report,年报/半年报/季报,python:table_row,universal[*],资产负债表,*,*,*,,,,资产负债表,,,,元,annual,none,sourced from indicators_position.csv (section: 资产负债表 — 二、负债),,True
同业及其他金融机构存放款项,Due to Other Banks,balance_sheet,资产负债表 — 二、负债,report,年报/半年报/季报,python:table_row,universal[*],资产负债表,*,*,*,,,,资产负债表,,,,元,annual,none,sourced from indicators_position.csv (section: 资产负债表 — 二、负债),,True
拆入资金,Borrowings from Banks,balance_sheet,资产负债表 — 二、负债,report,年报/半年报/季报,python:table_row,universal[*],资产负债表,*,*,*,,,,资产负债表,,,,元,annual,none,sourced from indicators_position.csv (section: 资产负债表 — 二、负债),,True
衍生金融负债,Derivative Financial Liabilities,balance_sheet,资产负债表 — 二、负债,report,年报/半年报/季报,python:table_row,universal[*],资产负债表,*,*,*,,,,资产负债表,,,,元,annual,none,sourced from indicators_position.csv (section: 资产负债表 — 二、负债),,True
以公允价值计量且其变动计入当期损益的金融负债,Financial Liabilities at FVTPL,balance_sheet,资产负债表 — 二、负债,report,年报/半年报/季报,python:table_row,universal[*],资产负债表,*,*,*,,,,资产负债表,,,,元,annual,none,sourced from indicators_position.csv (section: 资产负债表 — 二、负债),,True
卖出回购金融资产,Repurchase Agreements,balance_sheet,资产负债表 — 二、负债,report,年报/半年报/季报,python:table_row,universal[*],资产负债表,*,*,*,,,,资产负债表,,,,元,annual,none,sourced from indicators_position.csv (section: 资产负债表 — 二、负债),,True
应付职工薪酬,Employee Payables,balance_sheet,资产负债表 — 二、负债,report,年报/半年报/季报,python:table_row,universal[*],资产负债表,*,*,*,,,,资产负债表,,,,元,annual,none,sourced from indicators_position.csv (section: 资产负债表 — 二、负债),,True
应交税费,Tax Payables,balance_sheet,资产负债表 — 二、负债,report,年报/半年报/季报,python:table_row,universal[*],资产负债表,*,*,*,,,,资产负债表,,,,元,annual,none,sourced from indicators_position.csv (section: 资产负债表 — 二、负债),,True
合同负债,Contract Liabilities,balance_sheet,资产负债表 — 二、负债,report,年报/半年报/季报,python:table_row,universal[*],资产负债表,*,*,*,,,,资产负债表,,,,元,annual,none,sourced from indicators_position.csv (section: 资产负债表 — 二、负债),,True
租赁负债,Lease Liabilities,balance_sheet,资产负债表 — 二、负债,report,年报/半年报/季报,python:table_row,universal[*],资产负债表,*,*,*,,,,资产负债表,,,,元,annual,none,sourced from indicators_position.csv (section: 资产负债表 — 二、负债),,True
预计负债,Provisions,balance_sheet,资产负债表 — 二、负债,report,年报/半年报/季报,python:table_row,universal[*],资产负债表,*,*,*,,,,资产负债表,,,,元,annual,none,sourced from indicators_position.csv (section: 资产负债表 — 二、负债),,True
应付利息,Interest Payable,balance_sheet,资产负债表 — 二、负债,report,年报/半年报/季报,python:table_row,universal[*],资产负债表,*,*,*,,,,资产负债表,,,,元,annual,none,sourced from indicators_position.csv (section: 资产负债表 — 二、负债),,True
应付债券,Bonds Payable,balance_sheet,资产负债表 — 二、负债,report,年报/半年报/季报,python:table_row,universal[*],资产负债表,*,*,*,,,,资产负债表,,,,元,annual,none,sourced from indicators_position.csv (section: 资产负债表 — 二、负债),,True
递延所得税负债,Deferred Tax Liabilities,balance_sheet,资产负债表 — 二、负债,report,年报/半年报/季报,python:table_row,universal[*],资产负债表,*,*,*,,,,资产负债表,,,,元,annual,none,sourced from indicators_position.csv (section: 资产负债表 — 二、负债),,True
其他负债,Other Liabilities,balance_sheet,资产负债表 — 二、负债,report,年报/半年报/季报,python:table_row,universal[*],资产负债表,*,*,*,,,,资产负债表,,,,元,annual,none,sourced from indicators_position.csv (section: 资产负债表 — 二、负债),,True
股东权益占比,Equity to Total Assets Ratio,report_section,财务报表附注,report,年报/半年报/季报,python:percent_value,universal[*],财务报表附注,*,*,*,,,,财务报表附注,,,,%,annual,none,sourced from indicators_position.csv (section: 财务报表附注),,True
股本,Share Capital,balance_sheet,资产负债表 — 三、所有者权益,report,年报/半年报/季报,python:table_row,universal[*],资产负债表,*,*,*,,,,资产负债表,,,,股,annual,none,sourced from indicators_position.csv (section: 资产负债表 — 三、所有者权益),,True
其他权益工具,Other Equity Instruments,balance_sheet,资产负债表 — 三、所有者权益,report,年报/半年报/季报,python:table_row,universal[*],资产负债表,*,*,*,,,,资产负债表,,,,元,annual,none,sourced from indicators_position.csv (section: 资产负债表 — 三、所有者权益),,True
优先股,Preferred Shares,balance_sheet,资产负债表 — 三、所有者权益,report,年报/半年报/季报,python:table_row,universal[*],资产负债表,*,*,*,,,,资产负债表,,,,股,annual,none,sourced from indicators_position.csv (section: 资产负债表 — 三、所有者权益),,True
永续债,Perpetual Bonds,balance_sheet,资产负债表 — 三、所有者权益,report,年报/半年报/季报,python:table_row,universal[*],资产负债表,*,*,*,,,,资产负债表,,,,元,annual,none,sourced from indicators_position.csv (section: 资产负债表 — 三、所有者权益),,True
资本公积,Capital Reserve,balance_sheet,资产负债表 — 三、所有者权益,report,年报/半年报/季报,python:table_row,universal[*],资产负债表,*,*,*,,,,资产负债表,,,,元,annual,none,sourced from indicators_position.csv (section: 资产负债表 — 三、所有者权益),,True
减：库存股,Less: Treasury Shares,balance_sheet,资产负债表 — 三、所有者权益,report,年报/半年报/季报,python:table_row,universal[*],资产负债表,*,*,*,,,,资产负债表,,,,股,annual,none,sourced from indicators_position.csv (section: 资产负债表 — 三、所有者权益),,True
其他综合收益,Other Comprehensive Income,balance_sheet,资产负债表 — 三、所有者权益,report,年报/半年报/季报,python:table_row,universal[*],资产负债表,*,*,*,,,,资产负债表,,,,元,annual,none,sourced from indicators_position.csv (section: 资产负债表 — 三、所有者权益),,True
专项储备,Special Reserves,balance_sheet,资产负债表 — 三、所有者权益,report,年报/半年报/季报,python:table_row,universal[*],资产负债表,*,*,*,,,,资产负债表,,,,元,annual,none,sourced from indicators_position.csv (section: 资产负债表 — 三、所有者权益),,True
盈余公积,Statutory Surplus,balance_sheet,资产负债表 — 三、所有者权益,report,年报/半年报/季报,python:table_row,universal[*],资产负债表,*,*,*,,,,资产负债表,,,,元,annual,none,sourced from indicators_position.csv (section: 资产负债表 — 三、所有者权益),,True
一般风险准备金,General Risk Reserve,balance_sheet,资产负债表 — 三、所有者权益,report,年报/半年报/季报,python:table_row,universal[*],资产负债表,*,*,*,,,,资产负债表,,,,元,annual,none,sourced from indicators_position.csv (section: 资产负债表 — 三、所有者权益),,True
未分配利润,Retained Earnings,balance_sheet,资产负债表 — 三、所有者权益,report,年报/半年报/季报,python:table_row,universal[*],资产负债表,*,*,*,,,,资产负债表,,,,元,annual,none,sourced from indicators_position.csv (section: 资产负债表 — 三、所有者权益),,True
外币报表折算差额,Foreign Currency Translation Reserve,balance_sheet,资产负债表 — 三、所有者权益,report,年报/半年报/季报,python:table_row,universal[*],资产负债表,*,*,*,,,,资产负债表,,,,元,annual,none,sourced from indicators_position.csv (section: 资产负债表 — 三、所有者权益),,True
归属于母公司股东及其他权益持有者的权益合计,Total Equity Attributable to Parent,balance_sheet,资产负债表 — 三、所有者权益,report,年报/半年报/季报,python:table_row,universal[*],资产负债表,*,*,*,,,,资产负债表,,,,元,annual,none,sourced from indicators_position.csv (section: 资产负债表 — 三、所有者权益),,True
归属于母公司普通股股东权益合计,Total Equity Attributable to Ordinary Shareholders,balance_sheet,资产负债表 — 三、所有者权益,report,年报/半年报/季报,python:table_row,universal[*],资产负债表,*,*,*,,,,资产负债表,,,,元,annual,none,sourced from indicators_position.csv (section: 资产负债表 — 三、所有者权益),,True
归属于母公司普通股股东的每股股东权益,Equity per Share Attributable to Ordinary Shareholders,report_section,财务报表附注,report,年报/半年报/季报,llm,universal[*],财务报表附注,*,*,*,,,,财务报表附注,,,,元,annual,none,sourced from indicators_position.csv (section: 财务报表附注),,True
少数股东权益,Minority Interest,balance_sheet,资产负债表 — 三、所有者权益,report,年报/半年报/季报,python:table_row,universal[*],资产负债表,*,*,*,,,,资产负债表,,,,元,annual,none,sourced from indicators_position.csv (section: 资产负债表 — 三、所有者权益),,True
流动性比例（外币）,Liquidity Ratio (Foreign Currency),report_section,风险管理 — 流动性风险,report,年报/半年报/季报,python:percent_value,universal[*],风险管理 — 流动性风险,*,*,*,,,,风险管理 — 流动性风险,,,,%,annual,none,sourced from indicators_position.csv (section: 风险管理 — 流动性风险),,True
流动性比例（折人民币）,Liquidity Ratio (in RMB equivalent),report_section,风险管理 — 流动性风险,report,年报/半年报/季报,python:percent_value,universal[*],风险管理 — 流动性风险,*,*,*,,,,风险管理 — 流动性风险,,,,%,annual,none,sourced from indicators_position.csv (section: 风险管理 — 流动性风险),,True
正常类贷款,Performing Loans,report_section,风险管理 — 信用风险 — 贷款质量,report,年报/半年报/季报,llm,universal[*],风险管理 — 信用风险 — 贷款质量,*,*,*,,,,风险管理 — 信用风险 — 贷款质量,,,,元,annual,none,sourced from indicators_position.csv (section: 风险管理 — 信用风险 — 贷款质量),,True
关注类贷款,Special Mention Loans,report_section,风险管理 — 信用风险 — 贷款质量,report,年报/半年报/季报,llm,universal[*],风险管理 — 信用风险 — 贷款质量,*,*,*,,,,风险管理 — 信用风险 — 贷款质量,,,,元,annual,none,sourced from indicators_position.csv (section: 风险管理 — 信用风险 — 贷款质量),,True
次级类贷款,Substandard Loans,report_section,风险管理 — 信用风险 — 贷款质量,report,年报/半年报/季报,llm,universal[*],风险管理 — 信用风险 — 贷款质量,*,*,*,,,,风险管理 — 信用风险 — 贷款质量,,,,元,annual,none,sourced from indicators_position.csv (section: 风险管理 — 信用风险 — 贷款质量),,True
可疑类贷款,Doubtful Loans,report_section,风险管理 — 信用风险 — 贷款质量,report,年报/半年报/季报,llm,universal[*],风险管理 — 信用风险 — 贷款质量,*,*,*,,,,风险管理 — 信用风险 — 贷款质量,,,,元,annual,none,sourced from indicators_position.csv (section: 风险管理 — 信用风险 — 贷款质量),,True
损失类贷款,Loss Loans,report_section,风险管理 — 信用风险 — 贷款质量,report,年报/半年报/季报,llm,universal[*],风险管理 — 信用风险 — 贷款质量,*,*,*,,,,风险管理 — 信用风险 — 贷款质量,,,,元,annual,none,sourced from indicators_position.csv (section: 风险管理 — 信用风险 — 贷款质量),,True
逾期贷款,Overdue Loans,report_section,风险管理 — 信用风险 — 贷款质量,report,年报/半年报/季报,llm,universal[*],风险管理 — 信用风险 — 贷款质量,*,*,*,,,,风险管理 — 信用风险 — 贷款质量,,,,元,annual,none,sourced from indicators_position.csv (section: 风险管理 — 信用风险 — 贷款质量),,True
逾期90天贷款,Overdue 90 Days Loans,report_section,风险管理 — 信用风险 — 贷款质量,report,年报/半年报/季报,llm,universal[*],风险管理 — 信用风险 — 贷款质量,*,*,*,,,,风险管理 — 信用风险 — 贷款质量,,,,元,annual,none,sourced from indicators_position.csv (section: 风险管理 — 信用风险 — 贷款质量),,True
重组贷款,Restructured Loans,report_section,风险管理 — 信用风险 — 贷款质量,report,年报/半年报/季报,llm,universal[*],风险管理 — 信用风险 — 贷款质量,*,*,*,,,,风险管理 — 信用风险 — 贷款质量,,,,元,annual,none,sourced from indicators_position.csv (section: 风险管理 — 信用风险 — 贷款质量),,True
逾期90天的重组贷款,Restructured Loans Overdue 90 Days,report_section,风险管理 — 信用风险 — 贷款质量,report,年报/半年报/季报,llm,universal[*],风险管理 — 信用风险 — 贷款质量,*,*,*,,,,风险管理 — 信用风险 — 贷款质量,,,,元,annual,none,sourced from indicators_position.csv (section: 风险管理 — 信用风险 — 贷款质量),,True
贷款损失准备,Loan Loss Provisions,report_section,风险管理 — 信用风险 — 贷款质量,report,年报/半年报/季报,llm,universal[*],风险管理 — 信用风险 — 贷款质量,*,*,*,,,,风险管理 — 信用风险 — 贷款质量,,,,元,annual,none,sourced from indicators_position.csv (section: 风险管理 — 信用风险 — 贷款质量),,True
不良贷款拨备覆盖率,NPL Provision Coverage Ratio,report_section,风险管理 — 信用风险 — 贷款质量,report,年报/半年报/季报,python:percent_value,universal[*],风险管理 — 信用风险 — 贷款质量,*,*,*,,,,风险管理 — 信用风险 — 贷款质量,,,,%,annual,none,sourced from indicators_position.csv (section: 风险管理 — 信用风险 — 贷款质量),,True
逾期90天贷款率,Overdue 90 Days Loan Ratio,report_section,风险管理 — 信用风险 — 贷款质量,report,年报/半年报/季报,python:percent_value,universal[*],风险管理 — 信用风险 — 贷款质量,*,*,*,,,,风险管理 — 信用风险 — 贷款质量,,,,%,annual,none,sourced from indicators_position.csv (section: 风险管理 — 信用风险 — 贷款质量),,True
博士人数,Number of PhD Holders,report_section,人力资源管理 — 员工情况,report,年报/半年报/季报,python:headcount,universal[*],人力资源管理 — 员工情况,*,*,*,,,,人力资源管理 — 员工情况,,,,人,annual,none,sourced from indicators_position.csv (section: 人力资源管理 — 员工情况),,True
硕士人数,Number of Master's Holders,report_section,人力资源管理 — 员工情况,report,年报/半年报/季报,python:headcount,universal[*],人力资源管理 — 员工情况,*,*,*,,,,人力资源管理 — 员工情况,,,,人,annual,none,sourced from indicators_position.csv (section: 人力资源管理 — 员工情况),,True
学士人数,Number of Bachelor's Holders,report_section,人力资源管理 — 员工情况,report,年报/半年报/季报,python:headcount,universal[*],人力资源管理 — 员工情况,*,*,*,,,,人力资源管理 — 员工情况,,,,人,annual,none,sourced from indicators_position.csv (section: 人力资源管理 — 员工情况),,True
大专人数,Number of Associate Degree Holders,report_section,人力资源管理 — 员工情况,report,年报/半年报/季报,python:headcount,universal[*],人力资源管理 — 员工情况,*,*,*,,,,人力资源管理 — 员工情况,,,,人,annual,none,sourced from indicators_position.csv (section: 人力资源管理 — 员工情况),,True
高中及以下人数,Number of High School and Below,report_section,人力资源管理 — 员工情况,report,年报/半年报/季报,python:headcount,universal[*],人力资源管理 — 员工情况,*,*,*,,,,人力资源管理 — 员工情况,,,,人,annual,none,sourced from indicators_position.csv (section: 人力资源管理 — 员工情况),,True
生产人员人数,Number of Production Personnel,report_section,人力资源管理 — 员工情况（按职能）,report,年报/半年报/季报,python:headcount,universal[*],人力资源管理 — 员工情况（按职能）,*,*,*,,,,人力资源管理 — 员工情况（按职能）,,,,人,annual,none,sourced from indicators_position.csv (section: 人力资源管理 — 员工情况（按职能）),,True
销售人员人数,Number of Sales Personnel,report_section,人力资源管理 — 员工情况（按职能）,report,年报/半年报/季报,python:headcount,universal[*],人力资源管理 — 员工情况（按职能）,*,*,*,,,,人力资源管理 — 员工情况（按职能）,,,,人,annual,none,sourced from indicators_position.csv (section: 人力资源管理 — 员工情况（按职能）),,True
技术人员人数,Number of Technical Personnel,report_section,人力资源管理 — 员工情况（按职能）,report,年报/半年报/季报,python:headcount,universal[*],人力资源管理 — 员工情况（按职能）,*,*,*,,,,人力资源管理 — 员工情况（按职能）,,,,人,annual,none,sourced from indicators_position.csv (section: 人力资源管理 — 员工情况（按职能）),,True
财务人员人数,Number of Finance Personnel,report_section,人力资源管理 — 员工情况（按职能）,report,年报/半年报/季报,python:headcount,universal[*],人力资源管理 — 员工情况（按职能）,*,*,*,,,,人力资源管理 — 员工情况（按职能）,,,,人,annual,none,sourced from indicators_position.csv (section: 人力资源管理 — 员工情况（按职能）),,True
行政人员人数,Number of Administrative Personnel,report_section,人力资源管理 — 员工情况（按职能）,report,年报/半年报/季报,python:headcount,universal[*],人力资源管理 — 员工情况（按职能）,*,*,*,,,,人力资源管理 — 员工情况（按职能）,,,,人,annual,none,sourced from indicators_position.csv (section: 人力资源管理 — 员工情况（按职能）),,True
其他人员人数,Number of Other Personnel,report_section,人力资源管理 — 员工情况（按职能）,report,年报/半年报/季报,python:headcount,universal[*],人力资源管理 — 员工情况（按职能）,*,*,*,,,,人力资源管理 — 员工情况（按职能）,,,,人,annual,none,sourced from indicators_position.csv (section: 人力资源管理 — 员工情况（按职能）),,True
市值,Market Capitalization,market_data,市场数据（外部）,external,实时,,universal[*],realtime/market,*,*,*,,,,,,,,,realtime,none,sourced from indicators_position.csv (section: 市场数据（外部）),,True
总股数,Total Number of Shares,report_section,股本变动 — 股东情况,report,年报/半年报/季报,llm,universal[*],股本变动 — 股东情况,*,*,*,,,,股本变动 — 股东情况,,,,股,annual,none,sourced from indicators_position.csv (section: 股本变动 — 股东情况),,True
流通股数,Number of Free-float Shares,report_section,股本变动 — 股东情况,report,年报/半年报/季报,llm,universal[*],股本变动 — 股东情况,*,*,*,,,,股本变动 — 股东情况,,,,股,annual,none,sourced from indicators_position.csv (section: 股本变动 — 股东情况),,True
总股东人数（季度）,Total Number of Shareholders (Quarterly),report_section,股东情况,report,年报/半年报/季报,python:headcount,universal[*],股东情况,*,*,*,,,,股东情况,,,,人,annual,none,sourced from indicators_position.csv (section: 股东情况),,True
A股股东人数（季度）,Number of A-Share Holders (Quarterly),report_section,股东情况,report,年报/半年报/季报,python:headcount,universal[*],股东情况,*,*,*,,,,股东情况,,,,人,annual,none,sourced from indicators_position.csv (section: 股东情况),,True
第一大股东持仓占总股本比例,Top 1 Shareholder Ownership,report_section,股东情况 — 主要股东,report,年报/半年报/季报,python:percent_value,universal[*],股东情况 — 主要股东,*,*,*,,,,股东情况 — 主要股东,,,,%,annual,none,sourced from indicators_position.csv (section: 股东情况 — 主要股东),,True
前十大流通股东持仓占流通股本比例,Top 10 Free-float Shareholders Ownership,report_section,股东情况 — 主要股东,report,年报/半年报/季报,python:percent_value,universal[*],股东情况 — 主要股东,*,*,*,,,,股东情况 — 主要股东,,,,%,annual,none,sourced from indicators_position.csv (section: 股东情况 — 主要股东),,True
进公募基金前十大持仓占流通股本比例,Top 10 Mutual Fund Holdings,market_data,基金持仓（外部）,external,季报/半年报,,universal[*],realtime/market,*,*,*,,,,,,,,,annual,none,sourced from indicators_position.csv (section: 基金持仓（外部）),,True
公募基金持仓占流通股本比例,Mutual Fund Ownership Ratio,market_data,基金持仓（外部）,external,季报/半年报,,universal[*],realtime/market,*,*,*,,,,,,,,,annual,none,sourced from indicators_position.csv (section: 基金持仓（外部）),,True
公募基金+自由流通股东持仓占自由流通股本比例,Mutual Fund + Free-float Ownership,market_data,基金持仓（外部）,external,季报/半年报,,universal[*],realtime/market,*,*,*,,,,,,,,,annual,none,sourced from indicators_position.csv (section: 基金持仓（外部）),,True
PE-TTM,PE-TTM Ratio,market_data,市场数据（外部）,external,实时,,universal[*],realtime/market,*,*,*,,,,,,,,,realtime,none,sourced from indicators_position.csv (section: 市场数据（外部）),,True
PE-TTM（扣非）,PE-TTM (Excluding Non-recurring Items),market_data,市场数据（外部）,external,实时,,universal[*],realtime/market,*,*,*,,,,,,,,,realtime,none,sourced from indicators_position.csv (section: 市场数据（外部）),,True
PB,PB Ratio,market_data,市场数据（外部）,external,实时,,universal[*],realtime/market,*,*,*,,,,,,,,,realtime,none,sourced from indicators_position.csv (section: 市场数据（外部）),,True
PB（不含商誉）,PB Ratio (Excluding Goodwill),market_data,市场数据（外部）,external,实时,,universal[*],realtime/market,*,*,*,,,,,,,,,realtime,none,sourced from indicators_position.csv (section: 市场数据（外部）),,True
PS-TTM,PS-TTM Ratio,market_data,市场数据（外部）,external,实时,,universal[*],realtime/market,*,*,*,,,,,,,,,realtime,none,sourced from indicators_position.csv (section: 市场数据（外部）),,True
PCF-TTM,PCF-TTM Ratio,market_data,市场数据（外部）,external,实时,,universal[*],realtime/market,*,*,*,,,,,,,,,realtime,none,sourced from indicators_position.csv (section: 市场数据（外部）),,True
股息率,Dividend Yield,market_data,市场数据（外部）,external,实时,,universal[*],realtime/market,*,*,*,,,,,,,,,realtime,none,sourced from indicators_position.csv (section: 市场数据（外部）),,True
利息收入,Interest Income,income_statement,利润表 — 一、营业收入,report,年报/半年报/季报,python:table_row,universal[*],利润表,*,*,*,,,,利润表,,,,元,annual,none,sourced from indicators_position.csv (section: 利润表 — 一、营业收入),,True
利息支出,Interest Expense,income_statement,利润表 — 一、营业收入,report,年报/半年报/季报,python:table_row,universal[*],利润表,*,*,*,,,,利润表,,,,元,annual,none,sourced from indicators_position.csv (section: 利润表 — 一、营业收入),,True
净息收入占比,Net Interest Income Ratio,report_section,财务报表附注,report,年报/半年报/季报,python:percent_value,universal[*],财务报表附注,*,*,*,,,,财务报表附注,,,,%,annual,none,sourced from indicators_position.csv (section: 财务报表附注),,True
非息收入,Non-interest Income,income_statement,利润表 — 一、营业收入,report,年报/半年报/季报,python:table_row,universal[*],利润表,*,*,*,,,,利润表,,,,元,annual,none,sourced from indicators_position.csv (section: 利润表 — 一、营业收入),,True
非息收入占比,Non-interest Income Ratio,report_section,财务报表附注,report,年报/半年报/季报,python:percent_value,universal[*],财务报表附注,*,*,*,,,,财务报表附注,,,,%,annual,none,sourced from indicators_position.csv (section: 财务报表附注),,True
手续费及佣金收入,Fee and Commission Income,income_statement,利润表 — 一、营业收入,report,年报/半年报/季报,python:table_row,universal[*],利润表,*,*,*,,,,利润表,,,,元,annual,none,sourced from indicators_position.csv (section: 利润表 — 一、营业收入),,True
手续费及佣金支出,Fee and Commission Expense,income_statement,利润表 — 一、营业收入,report,年报/半年报/季报,python:table_row,universal[*],利润表,*,*,*,,,,利润表,,,,元,annual,none,sourced from indicators_position.csv (section: 利润表 — 一、营业收入),,True
公允价值变动收益,Changes in Fair Value,income_statement,利润表 — 一、营业收入,report,年报/半年报/季报,python:table_row,universal[*],利润表,*,*,*,,,,利润表,,,,元,annual,none,sourced from indicators_position.csv (section: 利润表 — 一、营业收入),,True
投资收益,Investment Income,income_statement,利润表 — 一、营业收入,report,年报/半年报/季报,python:table_row,universal[*],利润表,*,*,*,,,,利润表,,,,元,annual,none,sourced from indicators_position.csv (section: 利润表 — 一、营业收入),,True
对联营企业及合营企业的投资收益,Income from Associates and Joint Ventures,income_statement,利润表 — 一、营业收入,report,年报/半年报/季报,python:table_row,universal[*],利润表,*,*,*,,,,利润表,,,,元,annual,none,sourced from indicators_position.csv (section: 利润表 — 一、营业收入),,True
汇兑收益,Exchange Gains,income_statement,利润表 — 一、营业收入,report,年报/半年报/季报,python:table_row,universal[*],利润表,*,*,*,,,,利润表,,,,元,annual,none,sourced from indicators_position.csv (section: 利润表 — 一、营业收入),,True
其他业务收入,Other Operating Revenue,income_statement,利润表 — 一、营业收入,report,年报/半年报/季报,python:table_row,universal[*],利润表,*,*,*,,,,利润表,,,,元,annual,none,sourced from indicators_position.csv (section: 利润表 — 一、营业收入),,True
营业支出,Operating Expenses,income_statement,利润表 — 二、营业支出,report,年报/半年报/季报,python:table_row,universal[*],利润表,*,*,*,,,,利润表,,,,元,annual,none,sourced from indicators_position.csv (section: 利润表 — 二、营业支出),,True
税金及附加,Taxes and Surcharges,income_statement,利润表 — 二、营业支出,report,年报/半年报/季报,python:table_row,universal[*],利润表,*,*,*,,,,利润表,,,,元,annual,none,sourced from indicators_position.csv (section: 利润表 — 二、营业支出),,True
业务及管理费用,Operating and Administrative Expenses,income_statement,利润表 — 二、营业支出,report,年报/半年报/季报,python:table_row,universal[*],利润表,*,*,*,,,,利润表,,,,元,annual,none,sourced from indicators_position.csv (section: 利润表 — 二、营业支出),,True
其他业务成本,Other Operating Costs,income_statement,利润表 — 二、营业支出,report,年报/半年报/季报,python:table_row,universal[*],利润表,*,*,*,,,,利润表,,,,元,annual,none,sourced from indicators_position.csv (section: 利润表 — 二、营业支出),,True
收入成本比,Cost-to-Income Ratio,report_section,财务报表附注,report,年报/半年报/季报,llm,universal[*],财务报表附注,*,*,*,,,,财务报表附注,,,,元,annual,none,sourced from indicators_position.csv (section: 财务报表附注),,True
信用减值损失,Credit Impairment Loss,income_statement,利润表 — 二、营业支出,report,年报/半年报/季报,python:table_row,universal[*],利润表,*,*,*,,,,利润表,,,,元,annual,none,sourced from indicators_position.csv (section: 利润表 — 二、营业支出),,True
资产减值损失,Asset Impairment Loss,income_statement,利润表 — 二、营业支出,report,年报/半年报/季报,python:table_row,universal[*],利润表,*,*,*,,,,利润表,,,,元,annual,none,sourced from indicators_position.csv (section: 利润表 — 二、营业支出),,True
其他资产减值损失,Other Asset Impairment Loss,income_statement,利润表 — 二、营业支出,report,年报/半年报/季报,python:table_row,universal[*],利润表,*,*,*,,,,利润表,,,,元,annual,none,sourced from indicators_position.csv (section: 利润表 — 二、营业支出),,True
加：营业外收入,Add: Non-operating Income,income_statement,利润表 — 三、营业利润,report,年报/半年报/季报,python:table_row,universal[*],利润表,*,*,*,,,,利润表,,,,元,annual,none,sourced from indicators_position.csv (section: 利润表 — 三、营业利润),,True
减：营业外支出,Less: Non-operating Expenses,income_statement,利润表 — 三、营业利润,report,年报/半年报/季报,python:table_row,universal[*],利润表,*,*,*,,,,利润表,,,,元,annual,none,sourced from indicators_position.csv (section: 利润表 — 三、营业利润),,True
减：所得税费用,Less: Income Tax Expense,income_statement,利润表 — 四、利润总额,report,年报/半年报/季报,python:table_row,universal[*],利润表,*,*,*,,,,利润表,,,,元,annual,none,sourced from indicators_position.csv (section: 利润表 — 四、利润总额),,True
有效税率,Effective Tax Rate,report_section,财务报表附注,report,年报/半年报/季报,python:percent_value,universal[*],财务报表附注,*,*,*,,,,财务报表附注,,,,%,annual,none,sourced from indicators_position.csv (section: 财务报表附注),,True
（一）持续经营净利润,Net Profit from Continuing Operations,income_statement,利润表 — 五、净利润,report,年报/半年报/季报,python:table_row,universal[*],利润表,*,*,*,,,,利润表,,,,元,annual,none,sourced from indicators_position.csv (section: 利润表 — 五、净利润),,True
（二）终止经营净利润,Net Profit from Discontinued Operations,income_statement,利润表 — 五、净利润,report,年报/半年报/季报,python:table_row,universal[*],利润表,*,*,*,,,,利润表,,,,元,annual,none,sourced from indicators_position.csv (section: 利润表 — 五、净利润),,True
归属于母公司股东及其他权益持有者的净利润,Net Profit Attributable to Parent Equity Holders,income_statement,利润表 — 五、净利润,report,年报/半年报/季报,python:table_row,universal[*],利润表,*,*,*,,,,利润表,,,,元,annual,none,sourced from indicators_position.csv (section: 利润表 — 五、净利润),,True
归属于母公司普通股股东的净利润,Net Profit Attributable to Ordinary Shareholders,income_statement,利润表 — 五、净利润,report,年报/半年报/季报,python:table_row,universal[*],利润表,*,*,*,,,,利润表,,,,元,annual,none,sourced from indicators_position.csv (section: 利润表 — 五、净利润),,True
少数股东损益,Minority Interest Profit,income_statement,利润表 — 五、净利润,report,年报/半年报/季报,python:table_row,universal[*],利润表,*,*,*,,,,利润表,,,,元,annual,none,sourced from indicators_position.csv (section: 利润表 — 五、净利润),,True
归属于母公司普通股股东的扣除非经常性损益的净利润,Recurring Net Profit Attributable to Ordinary Shareholders,report_section,财务报表附注,report,年报/半年报/季报,llm,universal[*],财务报表附注,*,*,*,,,,财务报表附注,,,,元,annual,none,sourced from indicators_position.csv (section: 财务报表附注),,True
扣非净利润占比,Recurring Net Profit Ratio,report_section,财务报表附注,report,年报/半年报/季报,python:percent_value,universal[*],财务报表附注,*,*,*,,,,财务报表附注,,,,%,annual,none,sourced from indicators_position.csv (section: 财务报表附注),,True
归属于母公司普通股股东的加权ROE,Weighted ROE Attributable to Ordinary Shareholders,report_section,财务报表附注,report,年报/半年报/季报,llm,universal[*],财务报表附注,*,*,*,,,,财务报表附注,,,,元,annual,none,sourced from indicators_position.csv (section: 财务报表附注),,True
归属于母公司普通股股东的扣非加权ROE,Recurring Weighted ROE Attributable to Ordinary Shareholders,report_section,财务报表附注,report,年报/半年报/季报,llm,universal[*],财务报表附注,*,*,*,,,,财务报表附注,,,,元,annual,none,sourced from indicators_position.csv (section: 财务报表附注),,True
稀释每股收益,Diluted EPS,income_statement,利润表 — 六、每股收益,report,年报/半年报/季报,python:table_row,universal[*],利润表,*,*,*,,,,利润表,,,,股,annual,none,sourced from indicators_position.csv (section: 利润表 — 六、每股收益),,True
综合收益总额,Total Comprehensive Income,income_statement,综合收益表,report,年报/半年报/季报,python:table_row,universal[*],利润表,*,*,*,,,,利润表,,,,元,annual,none,sourced from indicators_position.csv (section: 综合收益表),,True
归属于母公司股东及其他权益持有者的综合收益总额,Comprehensive Income Attributable to Parent,income_statement,综合收益表,report,年报/半年报/季报,python:table_row,universal[*],利润表,*,*,*,,,,利润表,,,,元,annual,none,sourced from indicators_position.csv (section: 综合收益表),,True
归属于母公司普通股股东的综合收益总额,Comprehensive Income Attributable to Ordinary Shareholders,income_statement,综合收益表,report,年报/半年报/季报,python:table_row,universal[*],利润表,*,*,*,,,,利润表,,,,元,annual,none,sourced from indicators_position.csv (section: 综合收益表),,True
归属于少数股东的综合收益总额,Comprehensive Income Attributable to Minority Interest,income_statement,综合收益表,report,年报/半年报/季报,python:table_row,universal[*],利润表,*,*,*,,,,利润表,,,,元,annual,none,sourced from indicators_position.csv (section: 综合收益表),,True
其他综合收益的税后净额,Other Comprehensive Income Net of Tax,income_statement,综合收益表,report,年报/半年报/季报,python:table_row,universal[*],利润表,*,*,*,,,,利润表,,,,元,annual,none,sourced from indicators_position.csv (section: 综合收益表),,True
境内营业成本,Domestic Operating Costs,report_section,分部信息 — 分地区,report,年报/半年报,llm,universal[*],分部信息 — 分地区,*,*,*,,,,分部信息 — 分地区,,,,元,annual,none,sourced from indicators_position.csv (section: 分部信息 — 分地区),,True
境内毛利率,Domestic Gross Margin,report_section,分部信息 — 分地区,report,年报/半年报,python:percent_value,universal[*],分部信息 — 分地区,*,*,*,,,,分部信息 — 分地区,,,,%,annual,none,sourced from indicators_position.csv (section: 分部信息 — 分地区),,True
境内收入占比,Domestic Revenue Ratio,report_section,分部信息 — 分地区,report,年报/半年报,python:percent_value,universal[*],分部信息 — 分地区,*,*,*,,,,分部信息 — 分地区,,,,%,annual,none,sourced from indicators_position.csv (section: 分部信息 — 分地区),,True
境外营业成本,Overseas Operating Costs,report_section,分部信息 — 分地区,report,年报/半年报,llm,universal[*],分部信息 — 分地区,*,*,*,,,,分部信息 — 分地区,,,,元,annual,none,sourced from indicators_position.csv (section: 分部信息 — 分地区),,True
境外毛利率,Overseas Gross Margin,report_section,分部信息 — 分地区,report,年报/半年报,python:percent_value,universal[*],分部信息 — 分地区,*,*,*,,,,分部信息 — 分地区,,,,%,annual,none,sourced from indicators_position.csv (section: 分部信息 — 分地区),,True
境外收入占比,Overseas Revenue Ratio,report_section,分部信息 — 分地区,report,年报/半年报,python:percent_value,universal[*],分部信息 — 分地区,*,*,*,,,,分部信息 — 分地区,,,,%,annual,none,sourced from indicators_position.csv (section: 分部信息 — 分地区),,True
分红率,Dividend Payout Ratio,report_section,重要事项 — 利润分配,report,年报,python:percent_value,universal[*],重要事项 — 利润分配,*,*,*,,,,重要事项 — 利润分配,,,,%,annual,none,sourced from indicators_position.csv (section: 重要事项 — 利润分配),,True
A股分红金额,A-Share Dividend Amount,report_section,重要事项 — 利润分配,report,年报,llm,universal[*],重要事项 — 利润分配,*,*,*,,,,重要事项 — 利润分配,,,,股,annual,none,sourced from indicators_position.csv (section: 重要事项 — 利润分配),,True
A股融资金额,A-Share Financing Amount,report_section,融资情况,report,年报,llm,universal[*],融资情况,*,*,*,,,,融资情况,,,,股,annual,none,sourced from indicators_position.csv (section: 融资情况),,True
年度涨跌幅,Annual Price Change,market_data,市场数据（外部）,external,年报,,universal[*],realtime/market,*,*,*,,,,,,,,,annual,none,sourced from indicators_position.csv (section: 市场数据（外部）),,True
前五大客户收入占比,Top 5 Customers Revenue Ratio,report_section,客户情况,report,年报,python:percent_value,universal[*],客户情况,*,*,*,,,,客户情况,,,,%,annual,none,sourced from indicators_position.csv (section: 客户情况),,True
前五大供应商采购占比,Top 5 Suppliers Purchase Ratio,report_section,供应商情况,report,年报,python:percent_value,universal[*],供应商情况,*,*,*,,,,供应商情况,,,,%,annual,none,sourced from indicators_position.csv (section: 供应商情况),,True
发放贷款及垫款的净减少额,Net Decrease in Loans and Advances,cashflow,现金流量表 — 经营活动,report,年报/半年报/季报,python:table_row,universal[*],现金流量表,*,*,*,,,,现金流量表,,,,元,annual,none,sourced from indicators_position.csv (section: 现金流量表 — 经营活动),,True
向中央银行借款净增加额,Net Increase in Borrowings from Central Bank,cashflow,现金流量表 — 经营活动,report,年报/半年报/季报,python:table_row,universal[*],现金流量表,*,*,*,,,,现金流量表,,,,元,annual,none,sourced from indicators_position.csv (section: 现金流量表 — 经营活动),,True
客户存款和同业及其他金融机构存放款项净增加额,Net Increase in Customer Deposits and Due to Banks,cashflow,现金流量表 — 经营活动,report,年报/半年报/季报,python:table_row,universal[*],现金流量表,*,*,*,,,,现金流量表,,,,元,annual,none,sourced from indicators_position.csv (section: 现金流量表 — 经营活动),,True
客户存款净增加额,Net Increase in Customer Deposits,cashflow,现金流量表 — 经营活动,report,年报/半年报/季报,python:table_row,universal[*],现金流量表,*,*,*,,,,现金流量表,,,,元,annual,none,sourced from indicators_position.csv (section: 现金流量表 — 经营活动),,True
同业及其他金融机构存放款项净增加额,Net Increase in Due to Other Banks,cashflow,现金流量表 — 经营活动,report,年报/半年报/季报,python:table_row,universal[*],现金流量表,*,*,*,,,,现金流量表,,,,元,annual,none,sourced from indicators_position.csv (section: 现金流量表 — 经营活动),,True
存放中央银行和同业及其他金融机构款项净减少额,Net Decrease in Reserves and Due from Banks,cashflow,现金流量表 — 经营活动,report,年报/半年报/季报,python:table_row,universal[*],现金流量表,*,*,*,,,,现金流量表,,,,元,annual,none,sourced from indicators_position.csv (section: 现金流量表 — 经营活动),,True
存放中央银行款项净减少额,Net Decrease in Reserves with Central Bank,cashflow,现金流量表 — 经营活动,report,年报/半年报/季报,python:table_row,universal[*],现金流量表,*,*,*,,,,现金流量表,,,,元,annual,none,sourced from indicators_position.csv (section: 现金流量表 — 经营活动),,True
存放同业及其他金融机构款项净减少额,Net Decrease in Due from Banks,cashflow,现金流量表 — 经营活动,report,年报/半年报/季报,python:table_row,universal[*],现金流量表,*,*,*,,,,现金流量表,,,,元,annual,none,sourced from indicators_position.csv (section: 现金流量表 — 经营活动),,True
拆入资金及卖出回购金融资产净增加额,Net Increase in Borrowings and Repo,cashflow,现金流量表 — 经营活动,report,年报/半年报/季报,python:table_row,universal[*],现金流量表,*,*,*,,,,现金流量表,,,,元,annual,none,sourced from indicators_position.csv (section: 现金流量表 — 经营活动),,True
拆入资金净增加额,Net Increase in Borrowings from Banks,cashflow,现金流量表 — 经营活动,report,年报/半年报/季报,python:table_row,universal[*],现金流量表,*,*,*,,,,现金流量表,,,,元,annual,none,sourced from indicators_position.csv (section: 现金流量表 — 经营活动),,True
卖出回购业务资金净增加额,Net Increase in Repo,cashflow,现金流量表 — 经营活动,report,年报/半年报/季报,python:table_row,universal[*],现金流量表,*,*,*,,,,现金流量表,,,,元,annual,none,sourced from indicators_position.csv (section: 现金流量表 — 经营活动),,True
拆出资金及买入返售金融资产净减少额,Net Decrease in Loans to Banks and Reverse Repo,cashflow,现金流量表 — 经营活动,report,年报/半年报/季报,python:table_row,universal[*],现金流量表,*,*,*,,,,现金流量表,,,,元,annual,none,sourced from indicators_position.csv (section: 现金流量表 — 经营活动),,True
拆出资金净减少额,Net Decrease in Loans to Banks,cashflow,现金流量表 — 经营活动,report,年报/半年报/季报,python:table_row,universal[*],现金流量表,*,*,*,,,,现金流量表,,,,元,annual,none,sourced from indicators_position.csv (section: 现金流量表 — 经营活动),,True
买入返售金融资产款净减少额,Net Decrease in Reverse Repo,cashflow,现金流量表 — 经营活动,report,年报/半年报/季报,python:table_row,universal[*],现金流量表,*,*,*,,,,现金流量表,,,,元,annual,none,sourced from indicators_position.csv (section: 现金流量表 — 经营活动),,True
为交易目的而持有的金融资产净减少额,Net Decrease in Trading Financial Assets,cashflow,现金流量表 — 经营活动,report,年报/半年报/季报,python:table_row,universal[*],现金流量表,*,*,*,,,,现金流量表,,,,元,annual,none,sourced from indicators_position.csv (section: 现金流量表 — 经营活动),,True
收取利息、手续费及佣金的现金,Cash Received from Interest,cashflow,现金流量表 — 经营活动,report,年报/半年报/季报,python:table_row,universal[*],现金流量表,*,*,*,,,,现金流量表,,,,元,annual,none,sourced from indicators_position.csv (section: 现金流量表 — 经营活动),,True
收到的其他与经营活动有关现金,Other Cash Receipts from Operating Activities,cashflow,现金流量表 — 经营活动,report,年报/半年报/季报,python:table_row,universal[*],现金流量表,*,*,*,,,,现金流量表,,,,元,annual,none,sourced from indicators_position.csv (section: 现金流量表 — 经营活动),,True
经营活动现金流入小计,Total Operating Cash Inflows,cashflow,现金流量表 — 经营活动,report,年报/半年报/季报,python:table_row,universal[*],现金流量表,*,*,*,,,,现金流量表,,,,元,annual,none,sourced from indicators_position.csv (section: 现金流量表 — 经营活动),,True
发放贷款及垫款的净增加额,Net Increase in Loans and Advances,cashflow,现金流量表 — 经营活动,report,年报/半年报/季报,python:table_row,universal[*],现金流量表,*,*,*,,,,现金流量表,,,,元,annual,none,sourced from indicators_position.csv (section: 现金流量表 — 经营活动),,True
向中央银行借款净减少额,Net Decrease in Borrowings from Central Bank,cashflow,现金流量表 — 经营活动,report,年报/半年报/季报,python:table_row,universal[*],现金流量表,*,*,*,,,,现金流量表,,,,元,annual,none,sourced from indicators_position.csv (section: 现金流量表 — 经营活动),,True
客户存款和同业及其他金融机构存放款项净减少额,Net Decrease in Customer Deposits and Due to Banks,cashflow,现金流量表 — 经营活动,report,年报/半年报/季报,python:table_row,universal[*],现金流量表,*,*,*,,,,现金流量表,,,,元,annual,none,sourced from indicators_position.csv (section: 现金流量表 — 经营活动),,True
客户存款净减少额,Net Decrease in Customer Deposits,cashflow,现金流量表 — 经营活动,report,年报/半年报/季报,python:table_row,universal[*],现金流量表,*,*,*,,,,现金流量表,,,,元,annual,none,sourced from indicators_position.csv (section: 现金流量表 — 经营活动),,True
同业及其他金融机构存放款项净减少额,Net Decrease in Due to Other Banks,cashflow,现金流量表 — 经营活动,report,年报/半年报/季报,python:table_row,universal[*],现金流量表,*,*,*,,,,现金流量表,,,,元,annual,none,sourced from indicators_position.csv (section: 现金流量表 — 经营活动),,True
存放中央银行和同业及其他金融机构款项净增加额,Net Increase in Reserves and Due from Banks,cashflow,现金流量表 — 经营活动,report,年报/半年报/季报,python:table_row,universal[*],现金流量表,*,*,*,,,,现金流量表,,,,元,annual,none,sourced from indicators_position.csv (section: 现金流量表 — 经营活动),,True
存放中央银行款净增加额,Net Increase in Reserves with Central Bank,cashflow,现金流量表 — 经营活动,report,年报/半年报/季报,python:table_row,universal[*],现金流量表,*,*,*,,,,现金流量表,,,,元,annual,none,sourced from indicators_position.csv (section: 现金流量表 — 经营活动),,True
存放同业及其他金融机构款项净增加额,Net Increase in Due from Banks,cashflow,现金流量表 — 经营活动,report,年报/半年报/季报,python:table_row,universal[*],现金流量表,*,*,*,,,,现金流量表,,,,元,annual,none,sourced from indicators_position.csv (section: 现金流量表 — 经营活动),,True
拆入资金及卖出回购金融资产款净减少额,Net Decrease in Borrowings and Repo,cashflow,现金流量表 — 经营活动,report,年报/半年报/季报,python:table_row,universal[*],现金流量表,*,*,*,,,,现金流量表,,,,元,annual,none,sourced from indicators_position.csv (section: 现金流量表 — 经营活动),,True
拆入资金净减少额,Net Decrease in Borrowings from Banks,cashflow,现金流量表 — 经营活动,report,年报/半年报/季报,python:table_row,universal[*],现金流量表,*,*,*,,,,现金流量表,,,,元,annual,none,sourced from indicators_position.csv (section: 现金流量表 — 经营活动),,True
卖出回购业务资金净减少额,Net Decrease in Repo,cashflow,现金流量表 — 经营活动,report,年报/半年报/季报,python:table_row,universal[*],现金流量表,*,*,*,,,,现金流量表,,,,元,annual,none,sourced from indicators_position.csv (section: 现金流量表 — 经营活动),,True
拆出资金及买入返售金融资产净增加额,Net Increase in Loans to Banks and Reverse Repo,cashflow,现金流量表 — 经营活动,report,年报/半年报/季报,python:table_row,universal[*],现金流量表,*,*,*,,,,现金流量表,,,,元,annual,none,sourced from indicators_position.csv (section: 现金流量表 — 经营活动),,True
拆出资金增加额,Net Increase in Loans to Banks,cashflow,现金流量表 — 经营活动,report,年报/半年报/季报,python:table_row,universal[*],现金流量表,*,*,*,,,,现金流量表,,,,元,annual,none,sourced from indicators_position.csv (section: 现金流量表 — 经营活动),,True
买入返售金融资产净增加额,Net Increase in Reverse Repo,cashflow,现金流量表 — 经营活动,report,年报/半年报/季报,python:table_row,universal[*],现金流量表,*,*,*,,,,现金流量表,,,,元,annual,none,sourced from indicators_position.csv (section: 现金流量表 — 经营活动),,True
为交易目的而持有的金融资产净增加额,Net Increase in Trading Financial Assets,cashflow,现金流量表 — 经营活动,report,年报/半年报/季报,python:table_row,universal[*],现金流量表,*,*,*,,,,现金流量表,,,,元,annual,none,sourced from indicators_position.csv (section: 现金流量表 — 经营活动),,True
支付利息、手续费及佣金的现金,Cash Paid for Interest,cashflow,现金流量表 — 经营活动,report,年报/半年报/季报,python:table_row,universal[*],现金流量表,*,*,*,,,,现金流量表,,,,元,annual,none,sourced from indicators_position.csv (section: 现金流量表 — 经营活动),,True
支付给职工及为职工支付的现金,Cash Paid to Employees,cashflow,现金流量表 — 经营活动,report,年报/半年报/季报,python:table_row,universal[*],现金流量表,*,*,*,,,,现金流量表,,,,元,annual,none,sourced from indicators_position.csv (section: 现金流量表 — 经营活动),,True
支付的各种税费,Cash Paid for Taxes,cashflow,现金流量表 — 经营活动,report,年报/半年报/季报,python:table_row,universal[*],现金流量表,*,*,*,,,,现金流量表,,,,元,annual,none,sourced from indicators_position.csv (section: 现金流量表 — 经营活动),,True
支付的其他与经营活动有关现金,Other Cash Payments for Operating Activities,cashflow,现金流量表 — 经营活动,report,年报/半年报/季报,python:table_row,universal[*],现金流量表,*,*,*,,,,现金流量表,,,,元,annual,none,sourced from indicators_position.csv (section: 现金流量表 — 经营活动),,True
经营活动现金流出小计,Total Operating Cash Outflows,cashflow,现金流量表 — 经营活动,report,年报/半年报/季报,python:table_row,universal[*],现金流量表,*,*,*,,,,现金流量表,,,,元,annual,none,sourced from indicators_position.csv (section: 现金流量表 — 经营活动),,True
收回投资收到的现金,Cash Received from Disposal of Investments,cashflow,现金流量表 — 投资活动,report,年报/半年报/季报,python:table_row,universal[*],现金流量表,*,*,*,,,,现金流量表,,,,元,annual,none,sourced from indicators_position.csv (section: 现金流量表 — 投资活动),,True
取得投资收益所收到的现金,Cash Received from Investment Income,cashflow,现金流量表 — 投资活动,report,年报/半年报/季报,python:table_row,universal[*],现金流量表,*,*,*,,,,现金流量表,,,,元,annual,none,sourced from indicators_position.csv (section: 现金流量表 — 投资活动),,True
处置固定资产、无形资产及其他长期资产收到的现金,Cash Received from Disposal of Long-term Assets,cashflow,现金流量表 — 投资活动,report,年报/半年报/季报,python:table_row,universal[*],现金流量表,*,*,*,,,,现金流量表,,,,元,annual,none,sourced from indicators_position.csv (section: 现金流量表 — 投资活动),,True
处置子公司、合营联营企业及其他营业单位收到的现金净额,Net Cash from Disposal of Subsidiaries and Associates,cashflow,现金流量表 — 投资活动,report,年报/半年报/季报,python:table_row,universal[*],现金流量表,*,*,*,,,,现金流量表,,,,元,annual,none,sourced from indicators_position.csv (section: 现金流量表 — 投资活动),,True
处置子公司或其他营业单位收到的现金净额,Net Cash from Disposal of Subsidiaries,cashflow,现金流量表 — 投资活动,report,年报/半年报/季报,python:table_row,universal[*],现金流量表,*,*,*,,,,现金流量表,,,,元,annual,none,sourced from indicators_position.csv (section: 现金流量表 — 投资活动),,True
处置合营或联营公司所收到的现金,Cash Received from Disposal of Associates,cashflow,现金流量表 — 投资活动,report,年报/半年报/季报,python:table_row,universal[*],现金流量表,*,*,*,,,,现金流量表,,,,元,annual,none,sourced from indicators_position.csv (section: 现金流量表 — 投资活动),,True
收到的其他与投资活动相关的现金,Other Cash Receipts from Investing Activities,cashflow,现金流量表 — 投资活动,report,年报/半年报/季报,python:table_row,universal[*],现金流量表,*,*,*,,,,现金流量表,,,,元,annual,none,sourced from indicators_position.csv (section: 现金流量表 — 投资活动),,True
投资活动现金流入小计,Total Investing Cash Inflows,cashflow,现金流量表 — 投资活动,report,年报/半年报/季报,python:table_row,universal[*],现金流量表,*,*,*,,,,现金流量表,,,,元,annual,none,sourced from indicators_position.csv (section: 现金流量表 — 投资活动),,True
投资所支付的现金,Cash Paid for Investments,cashflow,现金流量表 — 投资活动,report,年报/半年报/季报,python:table_row,universal[*],现金流量表,*,*,*,,,,现金流量表,,,,元,annual,none,sourced from indicators_position.csv (section: 现金流量表 — 投资活动),,True
购建固定资产、无形资产及其他长期资产所支付的现金,Cash Paid for Purchase of Long-term Assets,cashflow,现金流量表 — 投资活动,report,年报/半年报/季报,python:table_row,universal[*],现金流量表,*,*,*,,,,现金流量表,,,,元,annual,none,sourced from indicators_position.csv (section: 现金流量表 — 投资活动),,True
取得子公司、合营联营企业及其他营业单位支付的现金净额,Net Cash for Acquisition of Subsidiaries and Associates,cashflow,现金流量表 — 投资活动,report,年报/半年报/季报,python:table_row,universal[*],现金流量表,*,*,*,,,,现金流量表,,,,元,annual,none,sourced from indicators_position.csv (section: 现金流量表 — 投资活动),,True
取得子公司及其营业单位支付的现金净额,Net Cash for Acquisition of Subsidiaries,cashflow,现金流量表 — 投资活动,report,年报/半年报/季报,python:table_row,universal[*],现金流量表,*,*,*,,,,现金流量表,,,,元,annual,none,sourced from indicators_position.csv (section: 现金流量表 — 投资活动),,True
取得联营及合营公司支付的现金净额,Net Cash for Acquisition of Associates,cashflow,现金流量表 — 投资活动,report,年报/半年报/季报,python:table_row,universal[*],现金流量表,*,*,*,,,,现金流量表,,,,元,annual,none,sourced from indicators_position.csv (section: 现金流量表 — 投资活动),,True
支付的其他与投资活动有关的现金,Other Cash Payments for Investing Activities,cashflow,现金流量表 — 投资活动,report,年报/半年报/季报,python:table_row,universal[*],现金流量表,*,*,*,,,,现金流量表,,,,元,annual,none,sourced from indicators_position.csv (section: 现金流量表 — 投资活动),,True
投资活动现金流出小计,Total Investing Cash Outflows,cashflow,现金流量表 — 投资活动,report,年报/半年报/季报,python:table_row,universal[*],现金流量表,*,*,*,,,,现金流量表,,,,元,annual,none,sourced from indicators_position.csv (section: 现金流量表 — 投资活动),,True
吸收投资收到的现金,Cash Received from Capital Contributions,cashflow,现金流量表 — 筹资活动,report,年报/半年报/季报,python:table_row,universal[*],现金流量表,*,*,*,,,,现金流量表,,,,元,annual,none,sourced from indicators_position.csv (section: 现金流量表 — 筹资活动),,True
子公司吸收少数股东投资收到的现金,Cash Received from Minority Shareholders,cashflow,现金流量表 — 筹资活动,report,年报/半年报/季报,python:table_row,universal[*],现金流量表,*,*,*,,,,现金流量表,,,,元,annual,none,sourced from indicators_position.csv (section: 现金流量表 — 筹资活动),,True
资产证券化收到的现金,Cash Received from Asset Securitization,cashflow,现金流量表 — 筹资活动,report,年报/半年报/季报,python:table_row,universal[*],现金流量表,*,*,*,,,,现金流量表,,,,元,annual,none,sourced from indicators_position.csv (section: 现金流量表 — 筹资活动),,True
发行存款证收到的现金,Cash Received from Issuance of Certificates of Deposit,cashflow,现金流量表 — 筹资活动,report,年报/半年报/季报,python:table_row,universal[*],现金流量表,*,*,*,,,,现金流量表,,,,元,annual,none,sourced from indicators_position.csv (section: 现金流量表 — 筹资活动),,True
发行债券收到的现金,Cash Received from Issuance of Bonds,cashflow,现金流量表 — 筹资活动,report,年报/半年报/季报,python:table_row,universal[*],现金流量表,*,*,*,,,,现金流量表,,,,元,annual,none,sourced from indicators_position.csv (section: 现金流量表 — 筹资活动),,True
发行同业存单收到的现金,Cash Received from Issuance of Negotiable CDs,cashflow,现金流量表 — 筹资活动,report,年报/半年报/季报,python:table_row,universal[*],现金流量表,*,*,*,,,,现金流量表,,,,元,annual,none,sourced from indicators_position.csv (section: 现金流量表 — 筹资活动),,True
发行永续债收到的现金,Cash Received from Issuance of Perpetual Bonds,cashflow,现金流量表 — 筹资活动,report,年报/半年报/季报,python:table_row,universal[*],现金流量表,*,*,*,,,,现金流量表,,,,元,annual,none,sourced from indicators_position.csv (section: 现金流量表 — 筹资活动),,True
上市募集资金总额,Total IPO Proceeds,cashflow,现金流量表 — 筹资活动,report,年报,python:table_row,universal[*],现金流量表,*,*,*,,,,现金流量表,,,,元,annual,none,sourced from indicators_position.csv (section: 现金流量表 — 筹资活动),,True
收到的其他与筹资活动有关的现金,Other Cash Receipts from Financing Activities,cashflow,现金流量表 — 筹资活动,report,年报/半年报/季报,python:table_row,universal[*],现金流量表,*,*,*,,,,现金流量表,,,,元,annual,none,sourced from indicators_position.csv (section: 现金流量表 — 筹资活动),,True
筹资活动产生的现金流入小计,Total Financing Cash Inflows,cashflow,现金流量表 — 筹资活动,report,年报/半年报/季报,python:table_row,universal[*],现金流量表,*,*,*,,,,现金流量表,,,,元,annual,none,sourced from indicators_position.csv (section: 现金流量表 — 筹资活动),,True
偿还已发行存款证支付的现金,Cash Paid for Redemption of CDs,cashflow,现金流量表 — 筹资活动,report,年报/半年报/季报,python:table_row,universal[*],现金流量表,*,*,*,,,,现金流量表,,,,元,annual,none,sourced from indicators_position.csv (section: 现金流量表 — 筹资活动),,True
偿付债务支付的现金,Cash Paid for Debt Repayment,cashflow,现金流量表 — 筹资活动,report,年报/半年报/季报,python:table_row,universal[*],现金流量表,*,*,*,,,,现金流量表,,,,元,annual,none,sourced from indicators_position.csv (section: 现金流量表 — 筹资活动),,True
偿还已发行同业存单支付的现金,Cash Paid for Redemption of Negotiable CDs,cashflow,现金流量表 — 筹资活动,report,年报/半年报/季报,python:table_row,universal[*],现金流量表,*,*,*,,,,现金流量表,,,,元,annual,none,sourced from indicators_position.csv (section: 现金流量表 — 筹资活动),,True
偿还债券利息支付的现金,Cash Paid for Bond Interest,cashflow,现金流量表 — 筹资活动,report,年报/半年报/季报,python:table_row,universal[*],现金流量表,*,*,*,,,,现金流量表,,,,元,annual,none,sourced from indicators_position.csv (section: 现金流量表 — 筹资活动),,True
分配股利、利润或偿付利息所支付的现金,Cash Paid for Dividends and Interest,cashflow,现金流量表 — 筹资活动,report,年报/半年报/季报,python:table_row,universal[*],现金流量表,*,*,*,,,,现金流量表,,,,股,annual,none,sourced from indicators_position.csv (section: 现金流量表 — 筹资活动),,True
子公司支付少数股东股利及利润,Dividends Paid to Minority Shareholders,cashflow,现金流量表 — 筹资活动,report,年报/半年报/季报,python:table_row,universal[*],现金流量表,*,*,*,,,,现金流量表,,,,元,annual,none,sourced from indicators_position.csv (section: 现金流量表 — 筹资活动),,True
赎回非控制性权益支付的现金,Cash Paid for Redemption of Non-controlling Interests,cashflow,现金流量表 — 筹资活动,report,年报/半年报/季报,python:table_row,universal[*],现金流量表,*,*,*,,,,现金流量表,,,,元,annual,none,sourced from indicators_position.csv (section: 现金流量表 — 筹资活动),,True
支付新股发行费用,Cash Paid for Share Issuance Expenses,cashflow,现金流量表 — 筹资活动,report,年报,python:table_row,universal[*],现金流量表,*,*,*,,,,现金流量表,,,,股,annual,none,sourced from indicators_position.csv (section: 现金流量表 — 筹资活动),,True
支付的其他与筹资活动有关的现金,Other Cash Payments for Financing Activities,cashflow,现金流量表 — 筹资活动,report,年报/半年报/季报,python:table_row,universal[*],现金流量表,*,*,*,,,,现金流量表,,,,元,annual,none,sourced from indicators_position.csv (section: 现金流量表 — 筹资活动),,True
筹资活动产生的现金流出小计,Total Financing Cash Outflows,cashflow,现金流量表 — 筹资活动,report,年报/半年报/季报,python:table_row,universal[*],现金流量表,*,*,*,,,,现金流量表,,,,元,annual,none,sourced from indicators_position.csv (section: 现金流量表 — 筹资活动),,True
汇率变动对现金及现金等价物的影响,Effect of Exchange Rate Changes on Cash,cashflow,现金流量表 — 现金及现金等价物净增加额,report,年报/半年报/季报,python:percent_value,universal[*],现金流量表,*,*,*,,,,现金流量表,,,,%,annual,none,sourced from indicators_position.csv (section: 现金流量表 — 现金及现金等价物净增加额),,True
期初现金及现金等价物的余额,Beginning Cash and Cash Equivalents Balance,cashflow,现金流量表 — 现金及现金等价物净增加额,report,年报/半年报/季报,python:table_row,universal[*],现金流量表,*,*,*,,,,现金流量表,,,,元,annual,none,sourced from indicators_position.csv (section: 现金流量表 — 现金及现金等价物净增加额),,True
现金及现金等价物的净增加额,Net Increase in Cash and Cash Equivalents,cashflow,现金流量表 — 现金及现金等价物净增加额,report,年报/半年报/季报,python:table_row,universal[*],现金流量表,*,*,*,,,,现金流量表,,,,元,annual,none,sourced from indicators_position.csv (section: 现金流量表 — 现金及现金等价物净增加额),,True
期末现金及现金等价物净余额,Ending Cash and Cash Equivalents Balance,cashflow,现金流量表 — 现金及现金等价物净增加额,report,年报/半年报/季报,python:table_row,universal[*],现金流量表,*,*,*,,,,现金流量表,,,,元,annual,none,sourced from indicators_position.csv (section: 现金流量表 — 现金及现金等价物净增加额),,True
加：资产减值准备,Add: Asset Impairment Provisions,cashflow,现金流量表 — 附注,report,年报/半年报/季报,python:table_row,universal[*],现金流量表,*,*,*,,,,现金流量表,,,,元,annual,none,sourced from indicators_position.csv (section: 现金流量表 — 附注),,True
固定资产折旧、油气资产折耗、生产性生物资产折旧,Depreciation of Fixed Assets,cashflow,现金流量表 — 附注,report,年报/半年报/季报,python:table_row,universal[*],现金流量表,*,*,*,,,,现金流量表,,,,元,annual,none,sourced from indicators_position.csv (section: 现金流量表 — 附注),,True
投资性房地产的折旧及摊销,Depreciation and Amortization of Investment Properties,cashflow,现金流量表 — 附注,report,年报/半年报/季报,python:table_row,universal[*],现金流量表,*,*,*,,,,现金流量表,,,,元,annual,none,sourced from indicators_position.csv (section: 现金流量表 — 附注),,True
使用权资产摊销,Amortization of Right-of-Use Assets,cashflow,现金流量表 — 附注,report,年报/半年报/季报,python:table_row,universal[*],现金流量表,*,*,*,,,,现金流量表,,,,元,annual,none,sourced from indicators_position.csv (section: 现金流量表 — 附注),,True
无形资产摊销,Amortization of Intangible Assets,cashflow,现金流量表 — 附注,report,年报/半年报/季报,python:table_row,universal[*],现金流量表,*,*,*,,,,现金流量表,,,,元,annual,none,sourced from indicators_position.csv (section: 现金流量表 — 附注),,True
长期待摊费用摊销,Amortization of Long-term Prepaid Expenses,cashflow,现金流量表 — 附注,report,年报/半年报/季报,python:table_row,universal[*],现金流量表,*,*,*,,,,现金流量表,,,,元,annual,none,sourced from indicators_position.csv (section: 现金流量表 — 附注),,True
处置固定资产、无形资产和其他长期资产的损失,Loss on Disposal of Long-term Assets,cashflow,现金流量表 — 附注,report,年报/半年报/季报,python:table_row,universal[*],现金流量表,*,*,*,,,,现金流量表,,,,元,annual,none,sourced from indicators_position.csv (section: 现金流量表 — 附注),,True
固定资产报废损失,Loss on Retirement of Fixed Assets,cashflow,现金流量表 — 附注,report,年报/半年报/季报,python:table_row,universal[*],现金流量表,*,*,*,,,,现金流量表,,,,元,annual,none,sourced from indicators_position.csv (section: 现金流量表 — 附注),,True
公允价值变动损失,Fair Value Change Loss,cashflow,现金流量表 — 附注,report,年报/半年报/季报,python:table_row,universal[*],现金流量表,*,*,*,,,,现金流量表,,,,元,annual,none,sourced from indicators_position.csv (section: 现金流量表 — 附注),,True
财务费用,Finance Costs,cashflow,现金流量表 — 附注,report,年报/半年报/季报,python:table_row,universal[*],现金流量表,*,*,*,,,,现金流量表,,,,元,annual,none,sourced from indicators_position.csv (section: 现金流量表 — 附注),,True
投资损失,Investment Loss,cashflow,现金流量表 — 附注,report,年报/半年报/季报,python:table_row,universal[*],现金流量表,*,*,*,,,,现金流量表,,,,元,annual,none,sourced from indicators_position.csv (section: 现金流量表 — 附注),,True
递延所得税资产减少,Decrease in Deferred Tax Assets,cashflow,现金流量表 — 附注,report,年报/半年报/季报,python:table_row,universal[*],现金流量表,*,*,*,,,,现金流量表,,,,元,annual,none,sourced from indicators_position.csv (section: 现金流量表 — 附注),,True
递延所得税负债增加,Increase in Deferred Tax Liabilities,cashflow,现金流量表 — 附注,report,年报/半年报/季报,python:table_row,universal[*],现金流量表,*,*,*,,,,现金流量表,,,,元,annual,none,sourced from indicators_position.csv (section: 现金流量表 — 附注),,True
存货的减少,Decrease in Inventories,cashflow,现金流量表 — 附注,report,年报/半年报/季报,python:table_row,universal[*],现金流量表,*,*,*,,,,现金流量表,,,,元,annual,none,sourced from indicators_position.csv (section: 现金流量表 — 附注),,True
经营性应收项目的减少,Decrease in Operating Receivables,cashflow,现金流量表 — 附注,report,年报/半年报/季报,python:table_row,universal[*],现金流量表,*,*,*,,,,现金流量表,,,,元,annual,none,sourced from indicators_position.csv (section: 现金流量表 — 附注),,True
经营性应付项目的增加,Increase in Operating Payables,cashflow,现金流量表 — 附注,report,年报/半年报/季报,python:table_row,universal[*],现金流量表,*,*,*,,,,现金流量表,,,,元,annual,none,sourced from indicators_position.csv (section: 现金流量表 — 附注),,True
其他,Other Adjustments,cashflow,现金流量表 — 附注,report,年报/半年报/季报,python:table_row,universal[*],现金流量表,*,*,*,,,,现金流量表,,,,元,annual,none,sourced from indicators_position.csv (section: 现金流量表 — 附注),,True
一年内到期的可转换公司债券,Convertible Bonds Due Within One Year,cashflow,现金流量表 — 附注,report,年报/半年报/季报,python:table_row,universal[*],现金流量表,*,*,*,,,,现金流量表,,,,元,annual,none,sourced from indicators_position.csv (section: 现金流量表 — 附注),,True
融资租入固定资产,Finance Lease Fixed Assets,cashflow,现金流量表 — 附注,report,年报/半年报/季报,python:table_row,universal[*],现金流量表,*,*,*,,,,现金流量表,,,,元,annual,none,sourced from indicators_position.csv (section: 现金流量表 — 附注),,True
人均薪酬,Salary per Employee,report_section,人力资源管理 — 员工情况,report,年报/半年报/季报,python:headcount,universal[*],人力资源管理 — 员工情况,*,*,*,,,,人力资源管理 — 员工情况,,,,人,annual,none,sourced from indicators_position.csv (section: 人力资源管理 — 员工情况),,True
贷存比,Loan-to-Deposit Ratio,report_section,财务报表附注,report,年报/半年报/季报,llm,universal[*],财务报表附注,*,*,*,,,,财务报表附注,,,,元,annual,none,sourced from indicators_position.csv (section: 财务报表附注),,True
归属于母公司普通股股东的每股收益,EPS Attributable to Ordinary Shareholders,report_section,财务报表附注,report,年报/半年报/季报,llm,universal[*],财务报表附注,*,*,*,,,,财务报表附注,,,,元,annual,none,sourced from indicators_position.csv (section: 财务报表附注),,True
归属于母公司普通股股东的每股扣非收益,Recurring EPS Attributable to Ordinary Shareholders,report_section,财务报表附注,report,年报/半年报/季报,llm,universal[*],财务报表附注,*,*,*,,,,财务报表附注,,,,元,annual,none,sourced from indicators_position.csv (section: 财务报表附注),,True
每股资本公积,Capital Reserve per Share,report_section,财务报表附注,report,年报/半年报/季报,llm,universal[*],财务报表附注,*,*,*,,,,财务报表附注,,,,股,annual,none,sourced from indicators_position.csv (section: 财务报表附注),,True
每股未分配利润,Retained Earnings per Share,report_section,财务报表附注,report,年报/半年报/季报,llm,universal[*],财务报表附注,*,*,*,,,,财务报表附注,,,,股,annual,none,sourced from indicators_position.csv (section: 财务报表附注),,True
每股分红,Dividend per Share,report_section,财务报表附注,report,年报,llm,universal[*],财务报表附注,*,*,*,,,,财务报表附注,,,,股,annual,none,sourced from indicators_position.csv (section: 财务报表附注),,True
每股经营活动产生的现金流量,Operating Cash Flow per Share,report_section,财务报表附注,report,年报/半年报/季报,llm,universal[*],财务报表附注,*,*,*,,,,财务报表附注,,,,股,annual,none,sourced from indicators_position.csv (section: 财务报表附注),,True
每股经营活动产生的现金流量净额,Net Operating Cash Flow per Share,report_section,财务报表附注,report,年报/半年报/季报,llm,universal[*],财务报表附注,*,*,*,,,,财务报表附注,,,,股,annual,none,sourced from indicators_position.csv (section: 财务报表附注),,True
归属于少数股股东的ROE,ROE Attributable to Minority Interest,report_section,财务报表附注,report,年报/半年报/季报,llm,universal[*],财务报表附注,*,*,*,,,,财务报表附注,,,,元,annual,none,sourced from indicators_position.csv (section: 财务报表附注),,True
归属于母公司普通股股东的ROE,ROE Attributable to Ordinary Shareholders,report_section,财务报表附注,report,年报/半年报/季报,llm,universal[*],财务报表附注,*,*,*,,,,财务报表附注,,,,元,annual,none,sourced from indicators_position.csv (section: 财务报表附注),,True
归属于母公司普通股股东的扣非ROE,Recurring ROE Attributable to Ordinary Shareholders,report_section,财务报表附注,report,年报/半年报/季报,llm,universal[*],财务报表附注,*,*,*,,,,财务报表附注,,,,元,annual,none,sourced from indicators_position.csv (section: 财务报表附注),,True
风险加权资产收益率（RORWA）,RORWA,report_section,财务报表附注,report,年报/半年报,python:percent_value,universal[*],财务报表附注,*,*,*,,,,财务报表附注,,,,%,annual,none,sourced from indicators_position.csv (section: 财务报表附注),,True
净资产收益率（ROE）,ROE,report_section,财务报表附注,report,年报/半年报/季报,python:percent_value,universal[*],财务报表附注,*,*,*,,,,财务报表附注,,,,%,annual,none,sourced from indicators_position.csv (section: 财务报表附注),,True
杠杆倍数,Leverage Ratio,report_section,财务报表附注,report,年报/半年报/季报,llm,universal[*],财务报表附注,*,*,*,,,,财务报表附注,,,,元,annual,none,sourced from indicators_position.csv (section: 财务报表附注),,True
总资产收益率（ROA）,ROA,report_section,财务报表附注,report,年报/半年报/季报,python:percent_value,universal[*],财务报表附注,*,*,*,,,,财务报表附注,,,,%,annual,none,sourced from indicators_position.csv (section: 财务报表附注),,True
总资产周转率,Total Asset Turnover,report_section,财务报表附注,report,年报/半年报/季报,python:percent_value,universal[*],财务报表附注,*,*,*,,,,财务报表附注,,,,%,annual,none,sourced from indicators_position.csv (section: 财务报表附注),,True
固定资产周转率,Fixed Asset Turnover,report_section,财务报表附注,report,年报/半年报/季报,python:percent_value,universal[*],财务报表附注,*,*,*,,,,财务报表附注,,,,%,annual,none,sourced from indicators_position.csv (section: 财务报表附注),,True
固定资产周转天数,Fixed Asset Turnover Days,report_section,财务报表附注,report,年报/半年报/季报,llm,universal[*],财务报表附注,*,*,*,,,,财务报表附注,,,,元,annual,none,sourced from indicators_position.csv (section: 财务报表附注),,True
股东权益周转天数,Equity Turnover Days,report_section,财务报表附注,report,年报/半年报/季报,llm,universal[*],财务报表附注,*,*,*,,,,财务报表附注,,,,元,annual,none,sourced from indicators_position.csv (section: 财务报表附注),,True
总资产周转天数,Total Asset Turnover Days,report_section,财务报表附注,report,年报/半年报/季报,llm,universal[*],财务报表附注,*,*,*,,,,财务报表附注,,,,元,annual,none,sourced from indicators_position.csv (section: 财务报表附注),,True
自由现金流量,Free Cash Flow,report_section,财务报表附注,report,年报/半年报/季报,llm,universal[*],财务报表附注,*,*,*,,,,财务报表附注,,,,元,annual,none,sourced from indicators_position.csv (section: 财务报表附注),,True
经投融产生的现金流量净额,Net Cash from Operating/Investing/Financing Activities,cashflow,现金流量表,report,年报/半年报/季报,python:table_row,universal[*],现金流量表,*,*,*,,,,现金流量表,,,,元,annual,none,sourced from indicators_position.csv (section: 现金流量表),,True
