module,subgroup,indicator,fetchable,source_type,extractor,method
balance_sheet,一、资产,资产总计,yes,akshare,auto,akshare (balance_sheet.资产总计)
balance_sheet,二、负债,负债合计,yes,akshare,auto,akshare (balance_sheet.负债合计)
balance_sheet,三、所有者权益,所有者权益合计,yes,akshare,auto,akshare (balance_sheet.所有者权益合计)
balance_sheet,二、负债,客户存款,yes,report,llm,report PDF (llm): 客户存款 → 资产负债表
balance_sheet,一、资产,发放贷款及垫款,yes,report,llm,report PDF (llm): 发放贷款及垫款 → 资产负债表
balance_sheet,四、核心指标,资本充足率,yes,report,llm,report PDF (llm): 资本充足率分析 → 资本充足率 → 风险管理
balance_sheet,四、核心指标,一级资本充足率,yes,report,llm,report PDF (llm): 资本充足率分析 → 资本充足率 → 风险管理
balance_sheet,四、核心指标,核心一级资本充足率,yes,report,llm,report PDF (llm): 资本充足率分析 → 资本充足率 → 风险管理
balance_sheet,四、核心指标,风险加权资产合计,yes,report,llm,report PDF (llm): 资本充足率 → 风险管理
balance_sheet,四、核心指标,净利差,yes,report,llm,report PDF (llm): 主要财务指标 → 财务概要 → 讨论与分析 → 管理层讨论与分析
balance_sheet,四、核心指标,净息差,yes,report,llm,report PDF (llm): 主要财务指标 → 财务概要 → 讨论与分析 → 管理层讨论与分析
balance_sheet,四、核心指标,流动性覆盖率,yes,report,llm,report PDF (llm): 流动性风险 → 风险管理
balance_sheet,四、核心指标,流动性比例（人民币）,yes,report,llm,report PDF (llm): 流动性风险 → 风险管理
balance_sheet,五、贷款质量,贷款和垫款总额,yes,report,llm,report PDF (llm): 五、贷款质量 → 贷款质量 → 信用风险 → 风险管理
balance_sheet,五、贷款质量,不良贷款余额,yes,report,llm,report PDF (llm): 贷款质量 → 信用风险 → 风险管理
balance_sheet,五、贷款质量,不良率,yes,computed,computed,computed (不良贷款余额 / 贷款和垫款总额 * 100)
balance_sheet,五、贷款质量,拨备覆盖率,yes,report,llm,report PDF (llm): 贷款质量 → 信用风险 → 风险管理
balance_sheet,五、贷款质量,拨贷比,yes,report,llm,report PDF (llm): 贷款质量 → 信用风险
balance_sheet,五、贷款质量,正常类贷款迁徙率,yes,report,llm,report PDF (llm): 贷款质量 → 信用风险
balance_sheet,五、贷款质量,关注类贷款迁徙率,yes,report,llm,report PDF (llm): 贷款质量 → 信用风险
balance_sheet,五、贷款质量,次级类贷款迁徙率,yes,report,llm,report PDF (llm): 贷款质量 → 信用风险
balance_sheet,五、贷款质量,可疑类贷款迁徙率,yes,report,llm,report PDF (llm): 贷款质量 → 信用风险
balance_sheet,五、贷款质量,逾期贷款率,yes,report,llm,report PDF (llm): 贷款质量 → 信用风险
balance_sheet,五、贷款质量,重组贷款率,yes,report,llm,report PDF (llm): 贷款质量 → 信用风险
balance_sheet,五、贷款质量,逾期90天重组贷款率,yes,report,llm,report PDF (llm): 贷款质量 → 信用风险
balance_sheet,六、员工情况,员工人数,yes,report,python:headcount,report PDF (python:headcount): 人力资源管理 → 员工情况 → 员工
balance_sheet,七、股本、股东以及估值,前十大股东持仓占总股本比例,yes,report,llm,report PDF (llm): 股本变动 → 股份变动及股东情况 → 股东情况 → 主要股东
income_statement,一、营业收入,营业收入,yes,akshare,auto,akshare (income_statement.营业收入)
income_statement,五、净利润,净利润,yes,akshare,auto,akshare (income_statement.净利润)
income_statement,一、营业收入,净利息收入,yes,akshare,auto,akshare (income_statement.利息净收入)
income_statement,一、营业收入,手续费及佣金净收入,yes,akshare,auto,akshare (income_statement.手续费及佣金净收入)
income_statement,三、营业利润,营业利润,yes,akshare,auto,akshare (income_statement.营业利润)
income_statement,四、利润总额,利润总额,yes,akshare,auto,akshare (income_statement.利润总额)
income_statement,六、每股收益,基本每股收益,yes,akshare,auto,akshare (income_statement.基本每股收益)
income_statement,九、分红、融资及涨跌幅,分红金额,yes,report,llm,report PDF (llm): 利润分配 → 重要事项
cashflow,一、经营活动产生的现金流量,经营活动产生的现金流量净额,yes,akshare,auto,akshare (cashflow.经营活动产生的现金流量净额)
cashflow,二、投资活动产生的现金流量,投资活动产生的现金流量净额,yes,akshare,auto,akshare (cashflow.投资活动产生的现金流量净额)
cashflow,三、筹资活动产生的现金流量,筹资活动产生的现金流量净额,yes,akshare,auto,akshare (cashflow.筹资活动产生的现金流量净额)
financial_ratio,七、偿债及资本结构,资产负债率,yes,computed,computed,computed (负债合计 / 资产总计 * 100)
financial_ratio,四、盈利能力,净利润率,yes,computed,computed,computed (净利润 / 营业收入 * 100)
financial_ratio,四、盈利能力,营业利润率,yes,computed,computed,computed (营业利润 / 营业收入 * 100)
financial_ratio,四、盈利能力,拨贷比_coverage,yes,computed,computed,computed (贷款损失准备 / 不良贷款余额 * 100)
financial_ratio,一、人均指标,人均营业收入,yes,computed,computed,computed (营业收入 / 员工人数)
financial_ratio,一、人均指标,人均净利润,yes,computed,computed,computed (净利润 / 员工人数)
income_statement,八、区域收入,境内收入,yes,report,llm,report PDF (llm): 分部信息 → 分地区 → 营业收入构成
income_statement,八、区域收入,境外收入,yes,report,llm,report PDF (llm): 分部信息 → 分地区 → 营业收入构成
balance_sheet,资产负债表 — 一、资产,现金及存放中央银行款项,yes,report,python:table_row,report PDF (python:table_row): 资产负债表
balance_sheet,资产负债表 — 一、资产,现金,yes,report,python:table_row,report PDF (python:table_row): 资产负债表
balance_sheet,资产负债表 — 一、资产,存放中央银行款项,yes,report,python:table_row,report PDF (python:table_row): 资产负债表
balance_sheet,资产负债表 — 一、资产,存放同业及其他金融机构款项,yes,report,python:table_row,report PDF (python:table_row): 资产负债表
balance_sheet,资产负债表 — 一、资产,贵金属,yes,report,python:table_row,report PDF (python:table_row): 资产负债表
balance_sheet,资产负债表 — 一、资产,拆出资金,yes,report,python:table_row,report PDF (python:table_row): 资产负债表
balance_sheet,资产负债表 — 一、资产,买入返售金融资产,yes,report,python:table_row,report PDF (python:table_row): 资产负债表
balance_sheet,资产负债表 — 一、资产,衍生金融资产,yes,report,python:table_row,report PDF (python:table_row): 资产负债表
balance_sheet,资产负债表 — 一、资产,金融投资,yes,report,python:table_row,report PDF (python:table_row): 资产负债表
balance_sheet,资产负债表 — 一、资产,以公允价值计量且其变动计入当期损益的金融投资,yes,report,python:table_row,report PDF (python:table_row): 资产负债表
balance_sheet,资产负债表 — 一、资产,以摊余成本计量的金融投资,yes,report,python:table_row,report PDF (python:table_row): 资产负债表
balance_sheet,资产负债表 — 一、资产,以公允价值计量且其变动计入其他综合收益的金融投资,yes,report,python:table_row,report PDF (python:table_row): 资产负债表
balance_sheet,资产负债表 — 一、资产,以公允价值计量且其变动计入其他综合收益的债务工具投资,yes,report,python:table_row,report PDF (python:table_row): 资产负债表
balance_sheet,资产负债表 — 一、资产,指定为以公允价值计量且其变动计入其他综合收益的权益工具投资,yes,report,python:table_row,report PDF (python:table_row): 资产负债表
balance_sheet,资产负债表 — 一、资产,可供出售金融资产,yes,report,python:table_row,report PDF (python:table_row): 资产负债表
balance_sheet,资产负债表 — 一、资产,持有至到期投资,yes,report,python:table_row,report PDF (python:table_row): 资产负债表
balance_sheet,资产负债表 — 一、资产,应收款项投资,yes,report,python:table_row,report PDF (python:table_row): 资产负债表
balance_sheet,资产负债表 — 一、资产,应收利息,yes,report,python:table_row,report PDF (python:table_row): 资产负债表
balance_sheet,资产负债表 — 一、资产,长期应收款,yes,report,python:table_row,report PDF (python:table_row): 资产负债表
balance_sheet,资产负债表 — 一、资产,长期股权投资,yes,report,python:table_row,report PDF (python:table_row): 资产负债表
balance_sheet,资产负债表 — 一、资产,投资性房地产,yes,report,python:table_row,report PDF (python:table_row): 资产负债表
balance_sheet,资产负债表 — 一、资产 / 附注,固定资产,yes,report,python:table_row,report PDF (python:table_row): 资产负债表
report_section,财务报表附注,固定资产占总资产比率,yes,report,python:percent_value,report PDF (python:percent_value): 财务报表附注
balance_sheet,资产负债表 — 一、资产,在建工程,yes,report,python:table_row,report PDF (python:table_row): 资产负债表
balance_sheet,资产负债表 — 一、资产,使用权资产,yes,report,python:table_row,report PDF (python:table_row): 资产负债表
balance_sheet,资产负债表 — 一、资产,无形资产,yes,report,python:table_row,report PDF (python:table_row): 资产负债表
balance_sheet,资产负债表 — 一、资产,商誉,yes,report,python:table_row,report PDF (python:table_row): 资产负债表
report_section,财务报表附注,商誉占净资产比率,yes,report,python:percent_value,report PDF (python:percent_value): 财务报表附注
balance_sheet,资产负债表 — 一、资产,递延所得税资产,yes,report,python:table_row,report PDF (python:table_row): 资产负债表
balance_sheet,资产负债表 — 一、资产,其他资产,yes,report,python:table_row,report PDF (python:table_row): 资产负债表
balance_sheet,资产负债表 — 二、负债,向中央银行借款,yes,report,python:table_row,report PDF (python:table_row): 资产负债表
balance_sheet,资产负债表 — 二、负债,同业存入及拆入,yes,report,python:table_row,report PDF (python:table_row): 资产负债表
balance_sheet,资产负债表 — 二、负债,同业及其他金融机构存放款项,yes,report,python:table_row,report PDF (python:table_row): 资产负债表
balance_sheet,资产负债表 — 二、负债,拆入资金,yes,report,python:table_row,report PDF (python:table_row): 资产负债表
balance_sheet,资产负债表 — 二、负债,衍生金融负债,yes,report,python:table_row,report PDF (python:table_row): 资产负债表
balance_sheet,资产负债表 — 二、负债,以公允价值计量且其变动计入当期损益的金融负债,yes,report,python:table_row,report PDF (python:table_row): 资产负债表
balance_sheet,资产负债表 — 二、负债,卖出回购金融资产,yes,report,python:table_row,report PDF (python:table_row): 资产负债表
balance_sheet,资产负债表 — 二、负债,应付职工薪酬,yes,report,python:table_row,report PDF (python:table_row): 资产负债表
balance_sheet,资产负债表 — 二、负债,应交税费,yes,report,python:table_row,report PDF (python:table_row): 资产负债表
balance_sheet,资产负债表 — 二、负债,合同负债,yes,report,python:table_row,report PDF (python:table_row): 资产负债表
balance_sheet,资产负债表 — 二、负债,租赁负债,yes,report,python:table_row,report PDF (python:table_row): 资产负债表
balance_sheet,资产负债表 — 二、负债,预计负债,yes,report,python:table_row,report PDF (python:table_row): 资产负债表
balance_sheet,资产负债表 — 二、负债,应付利息,yes,report,python:table_row,report PDF (python:table_row): 资产负债表
balance_sheet,资产负债表 — 二、负债,应付债券,yes,report,python:table_row,report PDF (python:table_row): 资产负债表
balance_sheet,资产负债表 — 二、负债,递延所得税负债,yes,report,python:table_row,report PDF (python:table_row): 资产负债表
balance_sheet,资产负债表 — 二、负债,其他负债,yes,report,python:table_row,report PDF (python:table_row): 资产负债表
report_section,财务报表附注,股东权益占比,yes,report,python:percent_value,report PDF (python:percent_value): 财务报表附注
balance_sheet,资产负债表 — 三、所有者权益,股本,yes,report,python:table_row,report PDF (python:table_row): 资产负债表
balance_sheet,资产负债表 — 三、所有者权益,其他权益工具,yes,report,python:table_row,report PDF (python:table_row): 资产负债表
balance_sheet,资产负债表 — 三、所有者权益,优先股,yes,report,python:table_row,report PDF (python:table_row): 资产负债表
balance_sheet,资产负债表 — 三、所有者权益,永续债,yes,report,python:table_row,report PDF (python:table_row): 资产负债表
balance_sheet,资产负债表 — 三、所有者权益,资本公积,yes,report,python:table_row,report PDF (python:table_row): 资产负债表
balance_sheet,资产负债表 — 三、所有者权益,减：库存股,yes,report,python:table_row,report PDF (python:table_row): 资产负债表
balance_sheet,资产负债表 — 三、所有者权益,其他综合收益,yes,report,python:table_row,report PDF (python:table_row): 资产负债表
balance_sheet,资产负债表 — 三、所有者权益,专项储备,yes,report,python:table_row,report PDF (python:table_row): 资产负债表
balance_sheet,资产负债表 — 三、所有者权益,盈余公积,yes,report,python:table_row,report PDF (python:table_row): 资产负债表
balance_sheet,资产负债表 — 三、所有者权益,一般风险准备金,yes,report,python:table_row,report PDF (python:table_row): 资产负债表
balance_sheet,资产负债表 — 三、所有者权益,未分配利润,yes,report,python:table_row,report PDF (python:table_row): 资产负债表
balance_sheet,资产负债表 — 三、所有者权益,外币报表折算差额,yes,report,python:table_row,report PDF (python:table_row): 资产负债表
balance_sheet,资产负债表 — 三、所有者权益,归属于母公司股东及其他权益持有者的权益合计,yes,report,python:table_row,report PDF (python:table_row): 资产负债表
balance_sheet,资产负债表 — 三、所有者权益,归属于母公司普通股股东权益合计,yes,report,python:table_row,report PDF (python:table_row): 资产负债表
report_section,财务报表附注,归属于母公司普通股股东的每股股东权益,yes,report,llm,report PDF (llm): 财务报表附注
balance_sheet,资产负债表 — 三、所有者权益,少数股东权益,yes,report,python:table_row,report PDF (python:table_row): 资产负债表
report_section,风险管理 — 流动性风险,流动性比例（外币）,yes,report,python:percent_value,report PDF (python:percent_value): 风险管理 — 流动性风险
report_section,风险管理 — 流动性风险,流动性比例（折人民币）,yes,report,python:percent_value,report PDF (python:percent_value): 风险管理 — 流动性风险
report_section,风险管理 — 信用风险 — 贷款质量,正常类贷款,yes,report,llm,report PDF (llm): 风险管理 — 信用风险 — 贷款质量
report_section,风险管理 — 信用风险 — 贷款质量,关注类贷款,yes,report,llm,report PDF (llm): 风险管理 — 信用风险 — 贷款质量
report_section,风险管理 — 信用风险 — 贷款质量,次级类贷款,yes,report,llm,report PDF (llm): 风险管理 — 信用风险 — 贷款质量
report_section,风险管理 — 信用风险 — 贷款质量,可疑类贷款,yes,report,llm,report PDF (llm): 风险管理 — 信用风险 — 贷款质量
report_section,风险管理 — 信用风险 — 贷款质量,损失类贷款,yes,report,llm,report PDF (llm): 风险管理 — 信用风险 — 贷款质量
report_section,风险管理 — 信用风险 — 贷款质量,逾期贷款,yes,report,llm,report PDF (llm): 风险管理 — 信用风险 — 贷款质量
report_section,风险管理 — 信用风险 — 贷款质量,逾期90天贷款,yes,report,llm,report PDF (llm): 风险管理 — 信用风险 — 贷款质量
report_section,风险管理 — 信用风险 — 贷款质量,重组贷款,yes,report,llm,report PDF (llm): 风险管理 — 信用风险 — 贷款质量
report_section,风险管理 — 信用风险 — 贷款质量,逾期90天的重组贷款,yes,report,llm,report PDF (llm): 风险管理 — 信用风险 — 贷款质量
report_section,风险管理 — 信用风险 — 贷款质量,贷款损失准备,yes,report,llm,report PDF (llm): 风险管理 — 信用风险 — 贷款质量
report_section,风险管理 — 信用风险 — 贷款质量,不良贷款拨备覆盖率,yes,report,python:percent_value,report PDF (python:percent_value): 风险管理 — 信用风险 — 贷款质量
report_section,风险管理 — 信用风险 — 贷款质量,逾期90天贷款率,yes,report,python:percent_value,report PDF (python:percent_value): 风险管理 — 信用风险 — 贷款质量
report_section,人力资源管理 — 员工情况,博士人数,yes,report,python:headcount,report PDF (python:headcount): 人力资源管理 — 员工情况
report_section,人力资源管理 — 员工情况,硕士人数,yes,report,python:headcount,report PDF (python:headcount): 人力资源管理 — 员工情况
report_section,人力资源管理 — 员工情况,学士人数,yes,report,python:headcount,report PDF (python:headcount): 人力资源管理 — 员工情况
report_section,人力资源管理 — 员工情况,大专人数,yes,report,python:headcount,report PDF (python:headcount): 人力资源管理 — 员工情况
report_section,人力资源管理 — 员工情况,高中及以下人数,yes,report,python:headcount,report PDF (python:headcount): 人力资源管理 — 员工情况
report_section,人力资源管理 — 员工情况（按职能）,生产人员人数,yes,report,python:headcount,report PDF (python:headcount): 人力资源管理 — 员工情况（按职能）
report_section,人力资源管理 — 员工情况（按职能）,销售人员人数,yes,report,python:headcount,report PDF (python:headcount): 人力资源管理 — 员工情况（按职能）
report_section,人力资源管理 — 员工情况（按职能）,技术人员人数,yes,report,python:headcount,report PDF (python:headcount): 人力资源管理 — 员工情况（按职能）
report_section,人力资源管理 — 员工情况（按职能）,财务人员人数,yes,report,python:headcount,report PDF (python:headcount): 人力资源管理 — 员工情况（按职能）
report_section,人力资源管理 — 员工情况（按职能）,行政人员人数,yes,report,python:headcount,report PDF (python:headcount): 人力资源管理 — 员工情况（按职能）
report_section,人力资源管理 — 员工情况（按职能）,其他人员人数,yes,report,python:headcount,report PDF (python:headcount): 人力资源管理 — 员工情况（按职能）
market_data,市场数据（外部）,市值,no,external,,
report_section,股本变动 — 股东情况,总股数,yes,report,llm,report PDF (llm): 股本变动 — 股东情况
report_section,股本变动 — 股东情况,流通股数,yes,report,llm,report PDF (llm): 股本变动 — 股东情况
report_section,股东情况,总股东人数（季度）,yes,report,python:headcount,report PDF (python:headcount): 股东情况
report_section,股东情况,A股股东人数（季度）,yes,report,python:headcount,report PDF (python:headcount): 股东情况
report_section,股东情况 — 主要股东,第一大股东持仓占总股本比例,yes,report,python:percent_value,report PDF (python:percent_value): 股东情况 — 主要股东
report_section,股东情况 — 主要股东,前十大流通股东持仓占流通股本比例,yes,report,python:percent_value,report PDF (python:percent_value): 股东情况 — 主要股东
market_data,基金持仓（外部）,进公募基金前十大持仓占流通股本比例,no,external,,
market_data,基金持仓（外部）,公募基金持仓占流通股本比例,no,external,,
market_data,基金持仓（外部）,公募基金+自由流通股东持仓占自由流通股本比例,no,external,,
market_data,市场数据（外部）,PE-TTM,no,external,,
market_data,市场数据（外部）,PE-TTM（扣非）,no,external,,
market_data,市场数据（外部）,PB,no,external,,
market_data,市场数据（外部）,PB（不含商誉）,no,external,,
market_data,市场数据（外部）,PS-TTM,no,external,,
market_data,市场数据（外部）,PCF-TTM,no,external,,
market_data,市场数据（外部）,股息率,no,external,,
income_statement,利润表 — 一、营业收入,利息收入,yes,report,python:table_row,report PDF (python:table_row): 利润表
income_statement,利润表 — 一、营业收入,利息支出,yes,report,python:table_row,report PDF (python:table_row): 利润表
report_section,财务报表附注,净息收入占比,yes,report,python:percent_value,report PDF (python:percent_value): 财务报表附注
income_statement,利润表 — 一、营业收入,非息收入,yes,report,python:table_row,report PDF (python:table_row): 利润表
report_section,财务报表附注,非息收入占比,yes,report,python:percent_value,report PDF (python:percent_value): 财务报表附注
income_statement,利润表 — 一、营业收入,手续费及佣金收入,yes,report,python:table_row,report PDF (python:table_row): 利润表
income_statement,利润表 — 一、营业收入,手续费及佣金支出,yes,report,python:table_row,report PDF (python:table_row): 利润表
income_statement,利润表 — 一、营业收入,公允价值变动收益,yes,report,python:table_row,report PDF (python:table_row): 利润表
income_statement,利润表 — 一、营业收入,投资收益,yes,report,python:table_row,report PDF (python:table_row): 利润表
income_statement,利润表 — 一、营业收入,对联营企业及合营企业的投资收益,yes,report,python:table_row,report PDF (python:table_row): 利润表
income_statement,利润表 — 一、营业收入,汇兑收益,yes,report,python:table_row,report PDF (python:table_row): 利润表
income_statement,利润表 — 一、营业收入,其他业务收入,yes,report,python:table_row,report PDF (python:table_row): 利润表
income_statement,利润表 — 二、营业支出,营业支出,yes,report,python:table_row,report PDF (python:table_row): 利润表
income_statement,利润表 — 二、营业支出,税金及附加,yes,report,python:table_row,report PDF (python:table_row): 利润表
income_statement,利润表 — 二、营业支出,业务及管理费用,yes,report,python:table_row,report PDF (python:table_row): 利润表
income_statement,利润表 — 二、营业支出,其他业务成本,yes,report,python:table_row,report PDF (python:table_row): 利润表
report_section,财务报表附注,收入成本比,yes,report,llm,report PDF (llm): 财务报表附注
income_statement,利润表 — 二、营业支出,信用减值损失,yes,report,python:table_row,report PDF (python:table_row): 利润表
income_statement,利润表 — 二、营业支出,资产减值损失,yes,report,python:table_row,report PDF (python:table_row): 利润表
income_statement,利润表 — 二、营业支出,其他资产减值损失,yes,report,python:table_row,report PDF (python:table_row): 利润表
income_statement,利润表 — 三、营业利润,加：营业外收入,yes,report,python:table_row,report PDF (python:table_row): 利润表
income_statement,利润表 — 三、营业利润,减：营业外支出,yes,report,python:table_row,report PDF (python:table_row): 利润表
income_statement,利润表 — 四、利润总额,减：所得税费用,yes,report,python:table_row,report PDF (python:table_row): 利润表
report_section,财务报表附注,有效税率,yes,report,python:percent_value,report PDF (python:percent_value): 财务报表附注
income_statement,利润表 — 五、净利润,（一）持续经营净利润,yes,report,python:table_row,report PDF (python:table_row): 利润表
income_statement,利润表 — 五、净利润,（二）终止经营净利润,yes,report,python:table_row,report PDF (python:table_row): 利润表
income_statement,利润表 — 五、净利润,归属于母公司股东及其他权益持有者的净利润,yes,report,python:table_row,report PDF (python:table_row): 利润表
income_statement,利润表 — 五、净利润,归属于母公司普通股股东的净利润,yes,report,python:table_row,report PDF (python:table_row): 利润表
income_statement,利润表 — 五、净利润,少数股东损益,yes,report,python:table_row,report PDF (python:table_row): 利润表
report_section,财务报表附注,归属于母公司普通股股东的扣除非经常性损益的净利润,yes,report,llm,report PDF (llm): 财务报表附注
report_section,财务报表附注,扣非净利润占比,yes,report,python:percent_value,report PDF (python:percent_value): 财务报表附注
report_section,财务报表附注,归属于母公司普通股股东的加权ROE,yes,report,llm,report PDF (llm): 财务报表附注
report_section,财务报表附注,归属于母公司普通股股东的扣非加权ROE,yes,report,llm,report PDF (llm): 财务报表附注
income_statement,利润表 — 六、每股收益,稀释每股收益,yes,report,python:table_row,report PDF (python:table_row): 利润表
income_statement,综合收益表,综合收益总额,yes,report,python:table_row,report PDF (python:table_row): 利润表
income_statement,综合收益表,归属于母公司股东及其他权益持有者的综合收益总额,yes,report,python:table_row,report PDF (python:table_row): 利润表
income_statement,综合收益表,归属于母公司普通股股东的综合收益总额,yes,report,python:table_row,report PDF (python:table_row): 利润表
income_statement,综合收益表,归属于少数股东的综合收益总额,yes,report,python:table_row,report PDF (python:table_row): 利润表
income_statement,综合收益表,其他综合收益的税后净额,yes,report,python:table_row,report PDF (python:table_row): 利润表
report_section,分部信息 — 分地区,境内营业成本,yes,report,llm,report PDF (llm): 分部信息 — 分地区
report_section,分部信息 — 分地区,境内毛利率,yes,report,python:percent_value,report PDF (python:percent_value): 分部信息 — 分地区
report_section,分部信息 — 分地区,境内收入占比,yes,report,python:percent_value,report PDF (python:percent_value): 分部信息 — 分地区
report_section,分部信息 — 分地区,境外营业成本,yes,report,llm,report PDF (llm): 分部信息 — 分地区
report_section,分部信息 — 分地区,境外毛利率,yes,report,python:percent_value,report PDF (python:percent_value): 分部信息 — 分地区
report_section,分部信息 — 分地区,境外收入占比,yes,report,python:percent_value,report PDF (python:percent_value): 分部信息 — 分地区
report_section,重要事项 — 利润分配,分红率,yes,report,python:percent_value,report PDF (python:percent_value): 重要事项 — 利润分配
report_section,重要事项 — 利润分配,A股分红金额,yes,report,llm,report PDF (llm): 重要事项 — 利润分配
report_section,融资情况,A股融资金额,yes,report,llm,report PDF (llm): 融资情况
market_data,市场数据（外部）,年度涨跌幅,no,external,,
report_section,客户情况,前五大客户收入占比,yes,report,python:percent_value,report PDF (python:percent_value): 客户情况
report_section,供应商情况,前五大供应商采购占比,yes,report,python:percent_value,report PDF (python:percent_value): 供应商情况
cashflow,现金流量表 — 经营活动,发放贷款及垫款的净减少额,yes,report,python:table_row,report PDF (python:table_row): 现金流量表
cashflow,现金流量表 — 经营活动,向中央银行借款净增加额,yes,report,python:table_row,report PDF (python:table_row): 现金流量表
cashflow,现金流量表 — 经营活动,客户存款和同业及其他金融机构存放款项净增加额,yes,report,python:table_row,report PDF (python:table_row): 现金流量表
cashflow,现金流量表 — 经营活动,客户存款净增加额,yes,report,python:table_row,report PDF (python:table_row): 现金流量表
cashflow,现金流量表 — 经营活动,同业及其他金融机构存放款项净增加额,yes,report,python:table_row,report PDF (python:table_row): 现金流量表
cashflow,现金流量表 — 经营活动,存放中央银行和同业及其他金融机构款项净减少额,yes,report,python:table_row,report PDF (python:table_row): 现金流量表
cashflow,现金流量表 — 经营活动,存放中央银行款项净减少额,yes,report,python:table_row,report PDF (python:table_row): 现金流量表
cashflow,现金流量表 — 经营活动,存放同业及其他金融机构款项净减少额,yes,report,python:table_row,report PDF (python:table_row): 现金流量表
cashflow,现金流量表 — 经营活动,拆入资金及卖出回购金融资产净增加额,yes,report,python:table_row,report PDF (python:table_row): 现金流量表
cashflow,现金流量表 — 经营活动,拆入资金净增加额,yes,report,python:table_row,report PDF (python:table_row): 现金流量表
cashflow,现金流量表 — 经营活动,卖出回购业务资金净增加额,yes,report,python:table_row,report PDF (python:table_row): 现金流量表
cashflow,现金流量表 — 经营活动,拆出资金及买入返售金融资产净减少额,yes,report,python:table_row,report PDF (python:table_row): 现金流量表
cashflow,现金流量表 — 经营活动,拆出资金净减少额,yes,report,python:table_row,report PDF (python:table_row): 现金流量表
cashflow,现金流量表 — 经营活动,买入返售金融资产款净减少额,yes,report,python:table_row,report PDF (python:table_row): 现金流量表
cashflow,现金流量表 — 经营活动,为交易目的而持有的金融资产净减少额,yes,report,python:table_row,report PDF (python:table_row): 现金流量表
cashflow,现金流量表 — 经营活动,收取利息、手续费及佣金的现金,yes,report,python:table_row,report PDF (python:table_row): 现金流量表
cashflow,现金流量表 — 经营活动,收到的其他与经营活动有关现金,yes,report,python:table_row,report PDF (python:table_row): 现金流量表
cashflow,现金流量表 — 经营活动,经营活动现金流入小计,yes,report,python:table_row,report PDF (python:table_row): 现金流量表
cashflow,现金流量表 — 经营活动,发放贷款及垫款的净增加额,yes,report,python:table_row,report PDF (python:table_row): 现金流量表
cashflow,现金流量表 — 经营活动,向中央银行借款净减少额,yes,report,python:table_row,report PDF (python:table_row): 现金流量表
cashflow,现金流量表 — 经营活动,客户存款和同业及其他金融机构存放款项净减少额,yes,report,python:table_row,report PDF (python:table_row): 现金流量表
cashflow,现金流量表 — 经营活动,客户存款净减少额,yes,report,python:table_row,report PDF (python:table_row): 现金流量表
cashflow,现金流量表 — 经营活动,同业及其他金融机构存放款项净减少额,yes,report,python:table_row,report PDF (python:table_row): 现金流量表
cashflow,现金流量表 — 经营活动,存放中央银行和同业及其他金融机构款项净增加额,yes,report,python:table_row,report PDF (python:table_row): 现金流量表
cashflow,现金流量表 — 经营活动,存放中央银行款净增加额,yes,report,python:table_row,report PDF (python:table_row): 现金流量表
cashflow,现金流量表 — 经营活动,存放同业及其他金融机构款项净增加额,yes,report,python:table_row,report PDF (python:table_row): 现金流量表
cashflow,现金流量表 — 经营活动,拆入资金及卖出回购金融资产款净减少额,yes,report,python:table_row,report PDF (python:table_row): 现金流量表
cashflow,现金流量表 — 经营活动,拆入资金净减少额,yes,report,python:table_row,report PDF (python:table_row): 现金流量表
cashflow,现金流量表 — 经营活动,卖出回购业务资金净减少额,yes,report,python:table_row,report PDF (python:table_row): 现金流量表
cashflow,现金流量表 — 经营活动,拆出资金及买入返售金融资产净增加额,yes,report,python:table_row,report PDF (python:table_row): 现金流量表
cashflow,现金流量表 — 经营活动,拆出资金增加额,yes,report,python:table_row,report PDF (python:table_row): 现金流量表
cashflow,现金流量表 — 经营活动,买入返售金融资产净增加额,yes,report,python:table_row,report PDF (python:table_row): 现金流量表
cashflow,现金流量表 — 经营活动,为交易目的而持有的金融资产净增加额,yes,report,python:table_row,report PDF (python:table_row): 现金流量表
cashflow,现金流量表 — 经营活动,支付利息、手续费及佣金的现金,yes,report,python:table_row,report PDF (python:table_row): 现金流量表
cashflow,现金流量表 — 经营活动,支付给职工及为职工支付的现金,yes,report,python:table_row,report PDF (python:table_row): 现金流量表
cashflow,现金流量表 — 经营活动,支付的各种税费,yes,report,python:table_row,report PDF (python:table_row): 现金流量表
cashflow,现金流量表 — 经营活动,支付的其他与经营活动有关现金,yes,report,python:table_row,report PDF (python:table_row): 现金流量表
cashflow,现金流量表 — 经营活动,经营活动现金流出小计,yes,report,python:table_row,report PDF (python:table_row): 现金流量表
cashflow,现金流量表 — 投资活动,收回投资收到的现金,yes,report,python:table_row,report PDF (python:table_row): 现金流量表
cashflow,现金流量表 — 投资活动,取得投资收益所收到的现金,yes,report,python:table_row,report PDF (python:table_row): 现金流量表
cashflow,现金流量表 — 投资活动,处置固定资产、无形资产及其他长期资产收到的现金,yes,report,python:table_row,report PDF (python:table_row): 现金流量表
cashflow,现金流量表 — 投资活动,处置子公司、合营联营企业及其他营业单位收到的现金净额,yes,report,python:table_row,report PDF (python:table_row): 现金流量表
cashflow,现金流量表 — 投资活动,处置子公司或其他营业单位收到的现金净额,yes,report,python:table_row,report PDF (python:table_row): 现金流量表
cashflow,现金流量表 — 投资活动,处置合营或联营公司所收到的现金,yes,report,python:table_row,report PDF (python:table_row): 现金流量表
cashflow,现金流量表 — 投资活动,收到的其他与投资活动相关的现金,yes,report,python:table_row,report PDF (python:table_row): 现金流量表
cashflow,现金流量表 — 投资活动,投资活动现金流入小计,yes,report,python:table_row,report PDF (python:table_row): 现金流量表
cashflow,现金流量表 — 投资活动,投资所支付的现金,yes,report,python:table_row,report PDF (python:table_row): 现金流量表
cashflow,现金流量表 — 投资活动,购建固定资产、无形资产及其他长期资产所支付的现金,yes,report,python:table_row,report PDF (python:table_row): 现金流量表
cashflow,现金流量表 — 投资活动,取得子公司、合营联营企业及其他营业单位支付的现金净额,yes,report,python:table_row,report PDF (python:table_row): 现金流量表
cashflow,现金流量表 — 投资活动,取得子公司及其营业单位支付的现金净额,yes,report,python:table_row,report PDF (python:table_row): 现金流量表
cashflow,现金流量表 — 投资活动,取得联营及合营公司支付的现金净额,yes,report,python:table_row,report PDF (python:table_row): 现金流量表
cashflow,现金流量表 — 投资活动,支付的其他与投资活动有关的现金,yes,report,python:table_row,report PDF (python:table_row): 现金流量表
cashflow,现金流量表 — 投资活动,投资活动现金流出小计,yes,report,python:table_row,report PDF (python:table_row): 现金流量表
cashflow,现金流量表 — 筹资活动,吸收投资收到的现金,yes,report,python:table_row,report PDF (python:table_row): 现金流量表
cashflow,现金流量表 — 筹资活动,子公司吸收少数股东投资收到的现金,yes,report,python:table_row,report PDF (python:table_row): 现金流量表
cashflow,现金流量表 — 筹资活动,资产证券化收到的现金,yes,report,python:table_row,report PDF (python:table_row): 现金流量表
cashflow,现金流量表 — 筹资活动,发行存款证收到的现金,yes,report,python:table_row,report PDF (python:table_row): 现金流量表
cashflow,现金流量表 — 筹资活动,发行债券收到的现金,yes,report,python:table_row,report PDF (python:table_row): 现金流量表
cashflow,现金流量表 — 筹资活动,发行同业存单收到的现金,yes,report,python:table_row,report PDF (python:table_row): 现金流量表
cashflow,现金流量表 — 筹资活动,发行永续债收到的现金,yes,report,python:table_row,report PDF (python:table_row): 现金流量表
cashflow,现金流量表 — 筹资活动,上市募集资金总额,yes,report,python:table_row,report PDF (python:table_row): 现金流量表
cashflow,现金流量表 — 筹资活动,收到的其他与筹资活动有关的现金,yes,report,python:table_row,report PDF (python:table_row): 现金流量表
cashflow,现金流量表 — 筹资活动,筹资活动产生的现金流入小计,yes,report,python:table_row,report PDF (python:table_row): 现金流量表
cashflow,现金流量表 — 筹资活动,偿还已发行存款证支付的现金,yes,report,python:table_row,report PDF (python:table_row): 现金流量表
cashflow,现金流量表 — 筹资活动,偿付债务支付的现金,yes,report,python:table_row,report PDF (python:table_row): 现金流量表
cashflow,现金流量表 — 筹资活动,偿还已发行同业存单支付的现金,yes,report,python:table_row,report PDF (python:table_row): 现金流量表
cashflow,现金流量表 — 筹资活动,偿还债券利息支付的现金,yes,report,python:table_row,report PDF (python:table_row): 现金流量表
cashflow,现金流量表 — 筹资活动,分配股利、利润或偿付利息所支付的现金,yes,report,python:table_row,report PDF (python:table_row): 现金流量表
cashflow,现金流量表 — 筹资活动,子公司支付少数股东股利及利润,yes,report,python:table_row,report PDF (python:table_row): 现金流量表
cashflow,现金流量表 — 筹资活动,赎回非控制性权益支付的现金,yes,report,python:table_row,report PDF (python:table_row): 现金流量表
cashflow,现金流量表 — 筹资活动,支付新股发行费用,yes,report,python:table_row,report PDF (python:table_row): 现金流量表
cashflow,现金流量表 — 筹资活动,支付的其他与筹资活动有关的现金,yes,report,python:table_row,report PDF (python:table_row): 现金流量表
cashflow,现金流量表 — 筹资活动,筹资活动产生的现金流出小计,yes,report,python:table_row,report PDF (python:table_row): 现金流量表
cashflow,现金流量表 — 现金及现金等价物净增加额,汇率变动对现金及现金等价物的影响,yes,report,python:percent_value,report PDF (python:percent_value): 现金流量表
cashflow,现金流量表 — 现金及现金等价物净增加额,期初现金及现金等价物的余额,yes,report,python:table_row,report PDF (python:table_row): 现金流量表
cashflow,现金流量表 — 现金及现金等价物净增加额,现金及现金等价物的净增加额,yes,report,python:table_row,report PDF (python:table_row): 现金流量表
cashflow,现金流量表 — 现金及现金等价物净增加额,期末现金及现金等价物净余额,yes,report,python:table_row,report PDF (python:table_row): 现金流量表
cashflow,现金流量表 — 附注,加：资产减值准备,yes,report,python:table_row,report PDF (python:table_row): 现金流量表
cashflow,现金流量表 — 附注,固定资产折旧、油气资产折耗、生产性生物资产折旧,yes,report,python:table_row,report PDF (python:table_row): 现金流量表
cashflow,现金流量表 — 附注,投资性房地产的折旧及摊销,yes,report,python:table_row,report PDF (python:table_row): 现金流量表
cashflow,现金流量表 — 附注,使用权资产摊销,yes,report,python:table_row,report PDF (python:table_row): 现金流量表
cashflow,现金流量表 — 附注,无形资产摊销,yes,report,python:table_row,report PDF (python:table_row): 现金流量表
cashflow,现金流量表 — 附注,长期待摊费用摊销,yes,report,python:table_row,report PDF (python:table_row): 现金流量表
cashflow,现金流量表 — 附注,处置固定资产、无形资产和其他长期资产的损失,yes,report,python:table_row,report PDF (python:table_row): 现金流量表
cashflow,现金流量表 — 附注,固定资产报废损失,yes,report,python:table_row,report PDF (python:table_row): 现金流量表
cashflow,现金流量表 — 附注,公允价值变动损失,yes,report,python:table_row,report PDF (python:table_row): 现金流量表
cashflow,现金流量表 — 附注,财务费用,yes,report,python:table_row,report PDF (python:table_row): 现金流量表
cashflow,现金流量表 — 附注,投资损失,yes,report,python:table_row,report PDF (python:table_row): 现金流量表
cashflow,现金流量表 — 附注,递延所得税资产减少,yes,report,python:table_row,report PDF (python:table_row): 现金流量表
cashflow,现金流量表 — 附注,递延所得税负债增加,yes,report,python:table_row,report PDF (python:table_row): 现金流量表
cashflow,现金流量表 — 附注,存货的减少,yes,report,python:table_row,report PDF (python:table_row): 现金流量表
cashflow,现金流量表 — 附注,经营性应收项目的减少,yes,report,python:table_row,report PDF (python:table_row): 现金流量表
cashflow,现金流量表 — 附注,经营性应付项目的增加,yes,report,python:table_row,report PDF (python:table_row): 现金流量表
cashflow,现金流量表 — 附注,其他,yes,report,python:table_row,report PDF (python:table_row): 现金流量表
cashflow,现金流量表 — 附注,一年内到期的可转换公司债券,yes,report,python:table_row,report PDF (python:table_row): 现金流量表
cashflow,现金流量表 — 附注,融资租入固定资产,yes,report,python:table_row,report PDF (python:table_row): 现金流量表
report_section,人力资源管理 — 员工情况,人均薪酬,yes,report,python:headcount,report PDF (python:headcount): 人力资源管理 — 员工情况
report_section,财务报表附注,贷存比,yes,report,llm,report PDF (llm): 财务报表附注
report_section,财务报表附注,归属于母公司普通股股东的每股收益,yes,report,llm,report PDF (llm): 财务报表附注
report_section,财务报表附注,归属于母公司普通股股东的每股扣非收益,yes,report,llm,report PDF (llm): 财务报表附注
report_section,财务报表附注,每股资本公积,yes,report,llm,report PDF (llm): 财务报表附注
report_section,财务报表附注,每股未分配利润,yes,report,llm,report PDF (llm): 财务报表附注
report_section,财务报表附注,每股分红,yes,report,llm,report PDF (llm): 财务报表附注
report_section,财务报表附注,每股经营活动产生的现金流量,yes,report,llm,report PDF (llm): 财务报表附注
report_section,财务报表附注,每股经营活动产生的现金流量净额,yes,report,llm,report PDF (llm): 财务报表附注
report_section,财务报表附注,归属于少数股股东的ROE,yes,report,llm,report PDF (llm): 财务报表附注
report_section,财务报表附注,归属于母公司普通股股东的ROE,yes,report,llm,report PDF (llm): 财务报表附注
report_section,财务报表附注,归属于母公司普通股股东的扣非ROE,yes,report,llm,report PDF (llm): 财务报表附注
report_section,财务报表附注,风险加权资产收益率（RORWA）,yes,report,python:percent_value,report PDF (python:percent_value): 财务报表附注
report_section,财务报表附注,净资产收益率（ROE）,yes,report,python:percent_value,report PDF (python:percent_value): 财务报表附注
report_section,财务报表附注,杠杆倍数,yes,report,llm,report PDF (llm): 财务报表附注
report_section,财务报表附注,总资产收益率（ROA）,yes,report,python:percent_value,report PDF (python:percent_value): 财务报表附注
report_section,财务报表附注,总资产周转率,yes,report,python:percent_value,report PDF (python:percent_value): 财务报表附注
report_section,财务报表附注,固定资产周转率,yes,report,python:percent_value,report PDF (python:percent_value): 财务报表附注
report_section,财务报表附注,固定资产周转天数,yes,report,llm,report PDF (llm): 财务报表附注
report_section,财务报表附注,股东权益周转天数,yes,report,llm,report PDF (llm): 财务报表附注
report_section,财务报表附注,总资产周转天数,yes,report,llm,report PDF (llm): 财务报表附注
report_section,财务报表附注,自由现金流量,yes,report,llm,report PDF (llm): 财务报表附注
cashflow,现金流量表,经投融产生的现金流量净额,yes,report,python:table_row,report PDF (python:table_row): 现金流量表
