指标名称,模块,来源类型,报表类型,提取器,适用范围,所在位置,ICBC年报,ICBC半年报,ICBC_Q1,ICBC_Q3,茅台年报,茅台半年报,茅台Q1,茅台Q3
资产总计,balance_sheet,akshare,年报/半年报/季报,auto,universal[*],akshare:balance_sheet,OK,OK,OK,OK,OK,OK,OK,OK
负债合计,balance_sheet,akshare,年报/半年报/季报,auto,universal[*],akshare:balance_sheet,OK,OK,OK,OK,OK,OK,OK,OK
所有者权益合计,balance_sheet,akshare,年报/半年报/季报,auto,universal[*],akshare:balance_sheet,section_found/no_value,section_found/no_value,section_found/no_value,section_found/no_value,section_found/no_value,section_found/no_value,section_found/no_value,section_found/no_value
客户存款,balance_sheet,report,年报/半年报/季报,llm,bank(*)[*],客户存款,section_found/no_value,section_found/no_value,section_found/no_value,section_found/no_value,missing,missing,missing,missing
发放贷款及垫款,balance_sheet,report,年报/半年报/季报,llm,bank(*)[*],发放贷款及垫款,section_found/no_value,section_found/no_value,section_found/no_value,section_found/no_value,missing,missing,missing,missing
资本充足率,balance_sheet,report,年报/半年报,llm,bank(*)[*],资本充足率分析,section_found/no_value,section_found/no_value,skip:form_filter,skip:form_filter,missing,missing,skip:form_filter,skip:form_filter
一级资本充足率,balance_sheet,report,年报/半年报,llm,bank(*)[*],资本充足率分析,section_found/no_value,section_found/no_value,skip:form_filter,skip:form_filter,missing,missing,skip:form_filter,skip:form_filter
核心一级资本充足率,balance_sheet,report,年报/半年报,llm,bank(*)[*],资本充足率分析,section_found/no_value,section_found/no_value,skip:form_filter,skip:form_filter,missing,missing,skip:form_filter,skip:form_filter
风险加权资产合计,balance_sheet,report,年报/半年报,llm,bank(*)[*],资本充足率,section_found/no_value,section_found/no_value,skip:form_filter,skip:form_filter,missing,missing,skip:form_filter,skip:form_filter
净利差,balance_sheet,report,年报/半年报,llm,bank(*)[*],主要财务指标,section_found/no_value,section_found/no_value,skip:form_filter,skip:form_filter,missing,missing,skip:form_filter,skip:form_filter
净息差,balance_sheet,report,年报/半年报,llm,bank(*)[*],主要财务指标,section_found/no_value,section_found/no_value,skip:form_filter,skip:form_filter,missing,missing,skip:form_filter,skip:form_filter
流动性覆盖率,balance_sheet,report,年报/半年报,llm,bank(*)[*],流动性风险,section_found/no_value,section_found/no_value,skip:form_filter,skip:form_filter,missing,missing,skip:form_filter,skip:form_filter
流动性比例（人民币）,balance_sheet,report,年报/半年报/季报,llm,bank(*)[*],流动性风险,section_found/no_value,section_found/no_value,section_found/no_value,section_found/no_value,missing,missing,missing,missing
贷款和垫款总额,balance_sheet,report,年报/半年报/季报,llm,bank(*)[*],五、贷款质量,section_found/no_value,section_found/no_value,section_found/no_value,section_found/no_value,missing,missing,missing,missing
不良贷款余额,balance_sheet,report,年报/半年报/季报,llm,bank(*)[*],贷款质量,section_found/no_value,section_found/no_value,section_found/no_value,section_found/no_value,missing,missing,missing,missing
不良率,balance_sheet,computed,年报/半年报/季报,computed,bank(*)[*],computed:不良贷款余额 / 贷款和垫款总额 * 100,section_found/no_value,section_found/no_value,section_found/no_value,section_found/no_value,missing,missing,missing,missing
拨备覆盖率,balance_sheet,report,,llm,bank(*)[*],贷款质量,N/A,N/A,N/A,N/A,N/A,N/A,N/A,N/A
拨贷比,balance_sheet,report,年报/半年报/季报,llm,bank(*)[*],贷款质量,section_found/no_value,section_found/no_value,section_found/no_value,section_found/no_value,missing,missing,missing,missing
正常类贷款迁徙率,balance_sheet,report,年报/半年报,llm,bank(*)[*],贷款质量,section_found/no_value,section_found/no_value,skip:form_filter,skip:form_filter,missing,missing,skip:form_filter,skip:form_filter
关注类贷款迁徙率,balance_sheet,report,年报/半年报,llm,bank(*)[*],贷款质量,section_found/no_value,section_found/no_value,skip:form_filter,skip:form_filter,missing,missing,skip:form_filter,skip:form_filter
次级类贷款迁徙率,balance_sheet,report,年报/半年报,llm,bank(*)[*],贷款质量,section_found/no_value,section_found/no_value,skip:form_filter,skip:form_filter,missing,missing,skip:form_filter,skip:form_filter
可疑类贷款迁徙率,balance_sheet,report,年报/半年报,llm,bank(*)[*],贷款质量,section_found/no_value,section_found/no_value,skip:form_filter,skip:form_filter,missing,missing,skip:form_filter,skip:form_filter
逾期贷款率,balance_sheet,report,年报/半年报/季报,llm,bank(*)[*],贷款质量,section_found/no_value,section_found/no_value,section_found/no_value,section_found/no_value,missing,missing,missing,missing
重组贷款率,balance_sheet,report,年报/半年报/季报,llm,bank(*)[*],贷款质量,section_found/no_value,section_found/no_value,section_found/no_value,section_found/no_value,missing,missing,missing,missing
逾期90天重组贷款率,balance_sheet,report,年报/半年报/季报,llm,bank(国有大行/股份制)[*],贷款质量,section_found/no_value,section_found/no_value,section_found/no_value,section_found/no_value,missing,missing,missing,missing
员工人数,balance_sheet,report,年报/半年报/季报,python:headcount,universal[*],人力资源管理,OK,OK,section_found/no_value,section_found/no_value,section_found/no_value,section_found/no_value,section_found/no_value,section_found/no_value
前十大股东持仓占总股本比例,balance_sheet,report,年报/半年报/季报,llm,universal[*],股本变动,section_found/no_value,section_found/no_value,section_found/no_value,section_found/no_value,section_found/no_value,section_found/no_value,section_found/no_value,section_found/no_value
营业收入,income_statement,akshare,年报/半年报/季报,auto,universal[*],akshare:income_statement,OK,OK,OK,OK,OK,OK,OK,OK
净利润,income_statement,akshare,年报/半年报/季报,auto,universal[*],akshare:income_statement,OK,OK,OK,OK,OK,OK,OK,OK
净利息收入,income_statement,akshare,年报/半年报/季报,auto,bank(*)[*],akshare:income_statement,section_found/no_value,section_found/no_value,section_found/no_value,section_found/no_value,missing,missing,missing,missing
手续费及佣金净收入,income_statement,akshare,年报/半年报/季报,auto,bank(*)[*],akshare:income_statement,OK,OK,OK,OK,missing,missing,missing,missing
营业利润,income_statement,akshare,年报/半年报/季报,auto,universal[*],akshare:income_statement,OK,OK,OK,OK,OK,OK,OK,OK
利润总额,income_statement,akshare,年报/半年报/季报,auto,universal[*],akshare:income_statement,OK,OK,OK,OK,OK,OK,OK,OK
基本每股收益,income_statement,akshare,年报/半年报/季报,auto,universal[*],akshare:income_statement,OK,OK,OK,OK,OK,OK,OK,OK
分红金额,income_statement,report,年报,llm,universal[*],利润分配,section_found/no_value,skip:form_filter,skip:form_filter,skip:form_filter,section_found/no_value,skip:form_filter,skip:form_filter,skip:form_filter
经营活动产生的现金流量净额,cashflow,akshare,年报/半年报/季报,auto,universal[*],akshare:cashflow,OK,OK,OK,OK,OK,OK,OK,OK
投资活动产生的现金流量净额,cashflow,akshare,年报/半年报/季报,auto,universal[*],akshare:cashflow,OK,OK,OK,OK,OK,OK,OK,OK
筹资活动产生的现金流量净额,cashflow,akshare,年报/半年报/季报,auto,universal[*],akshare:cashflow,OK,OK,OK,OK,OK,OK,OK,OK
资产负债率,financial_ratio,computed,年报/半年报/季报,computed,universal[*],computed:负债合计 / 资产总计 * 100,OK,OK,OK,OK,OK,OK,OK,OK
净利润率,financial_ratio,computed,年报/半年报/季报,computed,universal[*],computed:净利润 / 营业收入 * 100,OK,OK,OK,OK,OK,OK,OK,OK
营业利润率,financial_ratio,computed,年报/半年报/季报,computed,universal[*],computed:营业利润 / 营业收入 * 100,OK,OK,OK,OK,OK,OK,OK,OK
拨贷比_coverage,financial_ratio,computed,,computed,bank(*)[*],computed:贷款损失准备 / 不良贷款余额 * 100,N/A,N/A,N/A,N/A,N/A,N/A,N/A,N/A
人均营业收入,financial_ratio,computed,年报/半年报/季报,computed,universal[*],computed:营业收入 / 员工人数,OK,OK,section_found/no_value,section_found/no_value,section_found/no_value,section_found/no_value,section_found/no_value,section_found/no_value
人均净利润,financial_ratio,computed,年报/半年报/季报,computed,universal[*],computed:净利润 / 员工人数,OK,OK,section_found/no_value,section_found/no_value,section_found/no_value,section_found/no_value,section_found/no_value,section_found/no_value
境内收入,income_statement,report,年报/半年报,llm,universal[*],分部信息,section_found/no_value,section_found/no_value,skip:form_filter,skip:form_filter,section_found/no_value,section_found/no_value,skip:form_filter,skip:form_filter
境外收入,income_statement,report,年报/半年报,llm,universal[*],分部信息,section_found/no_value,section_found/no_value,skip:form_filter,skip:form_filter,section_found/no_value,section_found/no_value,skip:form_filter,skip:form_filter
现金及存放中央银行款项,balance_sheet,report,年报/半年报/季报,python:table_row,universal[*],资产负债表,OK,OK,OK,OK,section_found/no_value,section_found/no_value,section_found/no_value,section_found/no_value
现金,balance_sheet,report,年报/半年报/季报,python:table_row,universal[*],资产负债表,OK,OK,OK,OK,section_found/no_value,section_found/no_value,section_found/no_value,section_found/no_value
存放中央银行款项,balance_sheet,report,年报/半年报/季报,python:table_row,universal[*],资产负债表,OK,OK,OK,OK,section_found/no_value,section_found/no_value,section_found/no_value,section_found/no_value
存放同业及其他金融机构款项,balance_sheet,report,年报/半年报/季报,python:table_row,universal[*],资产负债表,section_found/no_value,OK,OK,OK,section_found/no_value,section_found/no_value,section_found/no_value,section_found/no_value
贵金属,balance_sheet,report,年报/半年报/季报,python:table_row,universal[*],资产负债表,OK,section_found/no_value,OK,OK,section_found/no_value,section_found/no_value,section_found/no_value,section_found/no_value
拆出资金,balance_sheet,report,年报/半年报/季报,python:table_row,universal[*],资产负债表,section_found/no_value,OK,OK,OK,OK,OK,OK,OK
买入返售金融资产,balance_sheet,report,年报/半年报/季报,python:table_row,universal[*],资产负债表,section_found/no_value,section_found/no_value,section_found/no_value,section_found/no_value,OK,OK,section_found/no_value,OK
衍生金融资产,balance_sheet,report,年报/半年报/季报,python:table_row,universal[*],资产负债表,section_found/no_value,section_found/no_value,OK,OK,section_found/no_value,section_found/no_value,section_found/no_value,section_found/no_value
金融投资,balance_sheet,report,年报/半年报/季报,python:table_row,universal[*],资产负债表,OK,OK,OK,OK,section_found/no_value,section_found/no_value,section_found/no_value,section_found/no_value
以公允价值计量且其变动计入当期损益的金融投资,balance_sheet,report,年报/半年报/季报,python:table_row,universal[*],资产负债表,section_found/no_value,section_found/no_value,section_found/no_value,section_found/no_value,section_found/no_value,section_found/no_value,section_found/no_value,section_found/no_value
以摊余成本计量的金融投资,balance_sheet,report,年报/半年报/季报,python:table_row,universal[*],资产负债表,OK,OK,OK,OK,section_found/no_value,section_found/no_value,section_found/no_value,section_found/no_value
以公允价值计量且其变动计入其他综合收益的金融投资,balance_sheet,report,年报/半年报/季报,python:table_row,universal[*],资产负债表,section_found/no_value,section_found/no_value,section_found/no_value,section_found/no_value,section_found/no_value,section_found/no_value,section_found/no_value,section_found/no_value
以公允价值计量且其变动计入其他综合收益的债务工具投资,balance_sheet,report,年报/半年报/季报,python:table_row,universal[*],资产负债表,section_found/no_value,section_found/no_value,section_found/no_value,section_found/no_value,section_found/no_value,section_found/no_value,section_found/no_value,section_found/no_value
指定为以公允价值计量且其变动计入其他综合收益的权益工具投资,balance_sheet,report,年报/半年报/季报,python:table_row,universal[*],资产负债表,section_found/no_value,section_found/no_value,section_found/no_value,section_found/no_value,section_found/no_value,section_found/no_value,section_found/no_value,section_found/no_value
可供出售金融资产,balance_sheet,report,年报/半年报/季报,python:table_row,universal[*],资产负债表,section_found/no_value,section_found/no_value,section_found/no_value,section_found/no_value,section_found/no_value,section_found/no_value,section_found/no_value,section_found/no_value
持有至到期投资,balance_sheet,report,年报/半年报/季报,python:table_row,universal[*],资产负债表,section_found/no_value,section_found/no_value,section_found/no_value,section_found/no_value,section_found/no_value,section_found/no_value,section_found/no_value,section_found/no_value
应收款项投资,balance_sheet,report,年报/半年报/季报,python:table_row,universal[*],资产负债表,section_found/no_value,section_found/no_value,section_found/no_value,section_found/no_value,section_found/no_value,section_found/no_value,section_found/no_value,section_found/no_value
应收利息,balance_sheet,report,年报/半年报/季报,python:table_row,universal[*],资产负债表,section_found/no_value,section_found/no_value,section_found/no_value,section_found/no_value,section_found/no_value,section_found/no_value,section_found/no_value,section_found/no_value
长期应收款,balance_sheet,report,年报/半年报/季报,python:table_row,universal[*],资产负债表,section_found/no_value,section_found/no_value,section_found/no_value,section_found/no_value,section_found/no_value,section_found/no_value,section_found/no_value,section_found/no_value
长期股权投资,balance_sheet,report,年报/半年报/季报,python:table_row,universal[*],资产负债表,OK,section_found/no_value,OK,OK,OK,OK,section_found/no_value,section_found/no_value
投资性房地产,balance_sheet,report,年报/半年报/季报,python:table_row,universal[*],资产负债表,section_found/no_value,section_found/no_value,section_found/no_value,section_found/no_value,OK,OK,OK,OK
固定资产,balance_sheet,report,年报/半年报/季报,python:table_row,universal[*],资产负债表,OK,OK,OK,OK,OK,OK,OK,OK
固定资产占总资产比率,report_section,report,年报/半年报/季报,python:percent_value,universal[*],财务报表附注,section_found/extract_fail,section_found/extract_fail,section_found/extract_fail,section_found/extract_fail,section_found/extract_fail,section_found/extract_fail,section_found/extract_fail,section_found/extract_fail
在建工程,balance_sheet,report,年报/半年报/季报,python:table_row,universal[*],资产负债表,section_found/no_value,section_found/no_value,OK,OK,OK,OK,OK,OK
使用权资产,balance_sheet,report,年报/半年报/季报,python:table_row,universal[*],资产负债表,section_found/no_value,section_found/no_value,section_found/no_value,section_found/no_value,OK,OK,OK,OK
无形资产,balance_sheet,report,年报/半年报/季报,python:table_row,universal[*],资产负债表,OK,OK,section_found/no_value,section_found/no_value,OK,OK,OK,OK
商誉,balance_sheet,report,年报/半年报/季报,python:table_row,universal[*],资产负债表,OK,OK,section_found/no_value,section_found/no_value,section_found/no_value,section_found/no_value,section_found/no_value,section_found/no_value
商誉占净资产比率,report_section,report,年报/半年报/季报,python:percent_value,universal[*],财务报表附注,section_found/extract_fail,section_found/extract_fail,section_found/extract_fail,section_found/extract_fail,section_found/extract_fail,section_found/extract_fail,section_found/extract_fail,section_found/extract_fail
递延所得税资产,balance_sheet,report,年报/半年报/季报,python:table_row,universal[*],资产负债表,section_found/no_value,section_found/no_value,OK,OK,OK,OK,OK,OK
其他资产,balance_sheet,report,年报/半年报/季报,python:table_row,universal[*],资产负债表,OK,OK,OK,OK,section_found/no_value,section_found/no_value,section_found/no_value,section_found/no_value
向中央银行借款,balance_sheet,report,年报/半年报/季报,python:table_row,universal[*],资产负债表,section_found/no_value,section_found/no_value,OK,OK,section_found/no_value,section_found/no_value,section_found/no_value,section_found/no_value
同业存入及拆入,balance_sheet,report,年报/半年报/季报,python:table_row,universal[*],资产负债表,section_found/no_value,section_found/no_value,section_found/no_value,section_found/no_value,section_found/no_value,section_found/no_value,section_found/no_value,section_found/no_value
同业及其他金融机构存放款项,balance_sheet,report,年报/半年报/季报,python:table_row,universal[*],资产负债表,OK,OK,OK,OK,section_found/no_value,section_found/no_value,section_found/no_value,section_found/no_value
拆入资金,balance_sheet,report,年报/半年报/季报,python:table_row,universal[*],资产负债表,OK,OK,OK,OK,section_found/no_value,section_found/no_value,section_found/no_value,section_found/no_value
衍生金融负债,balance_sheet,report,年报/半年报/季报,python:table_row,universal[*],资产负债表,section_found/no_value,section_found/no_value,OK,OK,section_found/no_value,section_found/no_value,section_found/no_value,section_found/no_value
以公允价值计量且其变动计入当期损益的金融负债,balance_sheet,report,年报/半年报/季报,python:table_row,universal[*],资产负债表,section_found/no_value,section_found/no_value,section_found/no_value,section_found/no_value,section_found/no_value,section_found/no_value,section_found/no_value,section_found/no_value
卖出回购金融资产,balance_sheet,report,年报/半年报/季报,python:table_row,universal[*],资产负债表,section_found/no_value,section_found/no_value,section_found/no_value,section_found/no_value,section_found/no_value,section_found/no_value,section_found/no_value,section_found/no_value
应付职工薪酬,balance_sheet,report,年报/半年报/季报,python:table_row,universal[*],资产负债表,section_found/no_value,section_found/no_value,OK,OK,OK,OK,OK,OK
应交税费,balance_sheet,report,年报/半年报/季报,python:table_row,universal[*],资产负债表,section_found/no_value,section_found/no_value,OK,OK,OK,OK,OK,OK
合同负债,balance_sheet,report,年报/半年报/季报,python:table_row,universal[*],资产负债表,section_found/no_value,section_found/no_value,section_found/no_value,section_found/no_value,OK,OK,OK,OK
租赁负债,balance_sheet,report,年报/半年报/季报,python:table_row,universal[*],资产负债表,section_found/no_value,section_found/no_value,section_found/no_value,section_found/no_value,OK,OK,OK,OK
预计负债,balance_sheet,report,年报/半年报/季报,python:table_row,universal[*],资产负债表,section_found/no_value,section_found/no_value,section_found/no_value,section_found/no_value,section_found/no_value,section_found/no_value,section_found/no_value,section_found/no_value
应付利息,balance_sheet,report,年报/半年报/季报,python:table_row,universal[*],资产负债表,section_found/no_value,section_found/no_value,section_found/no_value,section_found/no_value,section_found/no_value,section_found/no_value,section_found/no_value,section_found/no_value
应付债券,balance_sheet,report,年报/半年报/季报,python:table_row,universal[*],资产负债表,section_found/no_value,section_found/no_value,section_found/no_value,section_found/no_value,section_found/no_value,section_found/no_value,section_found/no_value,section_found/no_value
递延所得税负债,balance_sheet,report,年报/半年报/季报,python:table_row,universal[*],资产负债表,section_found/no_value,section_found/no_value,OK,OK,OK,OK,OK,OK
其他负债,balance_sheet,report,年报/半年报/季报,python:table_row,universal[*],资产负债表,section_found/no_value,section_found/no_value,OK,OK,section_found/no_value,section_found/no_value,section_found/no_value,section_found/no_value
股东权益占比,report_section,report,年报/半年报/季报,python:percent_value,universal[*],财务报表附注,section_found/extract_fail,section_found/extract_fail,section_found/extract_fail,section_found/extract_fail,section_found/extract_fail,section_found/extract_fail,section_found/extract_fail,section_found/extract_fail
股本,balance_sheet,report,年报/半年报/季报,python:table_row,universal[*],资产负债表,OK,OK,OK,OK,OK,OK,OK,OK
其他权益工具,balance_sheet,report,年报/半年报/季报,python:table_row,universal[*],资产负债表,OK,OK,OK,OK,section_found/no_value,section_found/no_value,section_found/no_value,section_found/no_value
优先股,balance_sheet,report,年报/半年报/季报,python:table_row,universal[*],资产负债表,OK,OK,OK,OK,section_found/no_value,section_found/no_value,section_found/no_value,section_found/no_value
永续债,balance_sheet,report,年报/半年报/季报,python:table_row,universal[*],资产负债表,section_found/no_value,section_found/no_value,OK,OK,section_found/no_value,section_found/no_value,section_found/no_value,section_found/no_value
资本公积,balance_sheet,report,年报/半年报/季报,python:table_row,universal[*],资产负债表,OK,OK,OK,OK,OK,OK,OK,OK
减：库存股,balance_sheet,report,年报/半年报/季报,python:table_row,universal[*],资产负债表,section_found/no_value,section_found/no_value,section_found/no_value,section_found/no_value,section_found/no_value,section_found/no_value,section_found/no_value,section_found/no_value
其他综合收益,balance_sheet,report,年报/半年报/季报,python:table_row,universal[*],资产负债表,OK,OK,OK,OK,OK,OK,OK,OK
专项储备,balance_sheet,report,年报/半年报/季报,python:table_row,universal[*],资产负债表,section_found/no_value,section_found/no_value,section_found/no_value,section_found/no_value,section_found/no_value,section_found/no_value,section_found/no_value,section_found/no_value
盈余公积,balance_sheet,report,年报/半年报/季报,python:table_row,universal[*],资产负债表,OK,OK,OK,OK,OK,OK,OK,OK
一般风险准备金,balance_sheet,report,年报/半年报/季报,python:table_row,universal[*],资产负债表,section_found/no_value,section_found/no_value,section_found/no_value,section_found/no_value,section_found/no_value,section_found/no_value,section_found/no_value,section_found/no_value
未分配利润,balance_sheet,report,年报/半年报/季报,python:table_row,universal[*],资产负债表,OK,OK,OK,OK,OK,OK,OK,OK
外币报表折算差额,balance_sheet,report,年报/半年报/季报,python:table_row,universal[*],资产负债表,section_found/no_value,section_found/no_value,section_found/no_value,section_found/no_value,section_found/no_value,section_found/no_value,section_found/no_value,section_found/no_value
归属于母公司股东及其他权益持有者的权益合计,balance_sheet,report,年报/半年报/季报,python:table_row,universal[*],资产负债表,section_found/no_value,section_found/no_value,section_found/no_value,section_found/no_value,section_found/no_value,section_found/no_value,section_found/no_value,section_found/no_value
归属于母公司普通股股东权益合计,balance_sheet,report,年报/半年报/季报,python:table_row,universal[*],资产负债表,section_found/no_value,section_found/no_value,section_found/no_value,section_found/no_value,section_found/no_value,section_found/no_value,section_found/no_value,section_found/no_value
归属于母公司普通股股东的每股股东权益,report_section,report,年报/半年报/季报,llm,universal[*],财务报表附注,section_found/extract_fail,section_found/extract_fail,section_found/extract_fail,section_found/extract_fail,section_found/extract_fail,section_found/extract_fail,section_found/extract_fail,section_found/extract_fail
少数股东权益,balance_sheet,report,年报/半年报/季报,python:table_row,universal[*],资产负债表,section_found/no_value,section_found/no_value,OK,OK,OK,OK,OK,OK
流动性比例（外币）,report_section,report,年报/半年报/季报,python:percent_value,universal[*],风险管理 — 流动性风险,section_found/no_value,section_found/no_value,section_found/extract_fail,section_found/extract_fail,section_found/extract_fail,section_found/extract_fail,section_found/extract_fail,section_found/extract_fail
流动性比例（折人民币）,report_section,report,年报/半年报/季报,python:percent_value,universal[*],风险管理 — 流动性风险,section_found/no_value,section_found/no_value,section_found/extract_fail,section_found/extract_fail,section_found/extract_fail,section_found/extract_fail,section_found/extract_fail,section_found/extract_fail
正常类贷款,report_section,report,年报/半年报/季报,llm,universal[*],风险管理 — 信用风险 — 贷款质量,section_found/no_value,section_found/no_value,section_found/extract_fail,section_found/extract_fail,section_found/extract_fail,section_found/extract_fail,section_found/extract_fail,section_found/extract_fail
关注类贷款,report_section,report,年报/半年报/季报,llm,universal[*],风险管理 — 信用风险 — 贷款质量,section_found/no_value,section_found/no_value,section_found/extract_fail,section_found/extract_fail,section_found/extract_fail,section_found/extract_fail,section_found/extract_fail,section_found/extract_fail
次级类贷款,report_section,report,年报/半年报/季报,llm,universal[*],风险管理 — 信用风险 — 贷款质量,section_found/no_value,section_found/no_value,section_found/extract_fail,section_found/extract_fail,section_found/extract_fail,section_found/extract_fail,section_found/extract_fail,section_found/extract_fail
可疑类贷款,report_section,report,年报/半年报/季报,llm,universal[*],风险管理 — 信用风险 — 贷款质量,section_found/no_value,section_found/no_value,section_found/extract_fail,section_found/extract_fail,section_found/extract_fail,section_found/extract_fail,section_found/extract_fail,section_found/extract_fail
损失类贷款,report_section,report,年报/半年报/季报,llm,universal[*],风险管理 — 信用风险 — 贷款质量,section_found/no_value,section_found/no_value,section_found/extract_fail,section_found/extract_fail,section_found/extract_fail,section_found/extract_fail,section_found/extract_fail,section_found/extract_fail
逾期贷款,report_section,report,年报/半年报/季报,llm,universal[*],风险管理 — 信用风险 — 贷款质量,section_found/no_value,section_found/no_value,section_found/extract_fail,section_found/extract_fail,section_found/extract_fail,section_found/extract_fail,section_found/extract_fail,section_found/extract_fail
逾期90天贷款,report_section,report,年报/半年报/季报,llm,universal[*],风险管理 — 信用风险 — 贷款质量,section_found/no_value,section_found/no_value,section_found/extract_fail,section_found/extract_fail,section_found/extract_fail,section_found/extract_fail,section_found/extract_fail,section_found/extract_fail
重组贷款,report_section,report,年报/半年报/季报,llm,universal[*],风险管理 — 信用风险 — 贷款质量,section_found/no_value,section_found/no_value,section_found/extract_fail,section_found/extract_fail,section_found/extract_fail,section_found/extract_fail,section_found/extract_fail,section_found/extract_fail
逾期90天的重组贷款,report_section,report,年报/半年报/季报,llm,universal[*],风险管理 — 信用风险 — 贷款质量,section_found/no_value,section_found/no_value,section_found/extract_fail,section_found/extract_fail,section_found/extract_fail,section_found/extract_fail,section_found/extract_fail,section_found/extract_fail
贷款损失准备,report_section,report,年报/半年报/季报,llm,universal[*],风险管理 — 信用风险 — 贷款质量,section_found/no_value,section_found/no_value,section_found/extract_fail,section_found/extract_fail,section_found/extract_fail,section_found/extract_fail,section_found/extract_fail,section_found/extract_fail
不良贷款拨备覆盖率,report_section,report,年报/半年报/季报,python:percent_value,universal[*],风险管理 — 信用风险 — 贷款质量,section_found/no_value,section_found/no_value,section_found/extract_fail,section_found/extract_fail,section_found/extract_fail,section_found/extract_fail,section_found/extract_fail,section_found/extract_fail
逾期90天贷款率,report_section,report,年报/半年报/季报,python:percent_value,universal[*],风险管理 — 信用风险 — 贷款质量,section_found/no_value,section_found/no_value,section_found/extract_fail,section_found/extract_fail,section_found/extract_fail,section_found/extract_fail,section_found/extract_fail,section_found/extract_fail
博士人数,report_section,report,年报/半年报/季报,python:headcount,universal[*],人力资源管理 — 员工情况,OK,OK,section_found/extract_fail,section_found/extract_fail,section_found/extract_fail,section_found/extract_fail,section_found/extract_fail,section_found/extract_fail
硕士人数,report_section,report,年报/半年报/季报,python:headcount,universal[*],人力资源管理 — 员工情况,OK,OK,section_found/extract_fail,section_found/extract_fail,section_found/extract_fail,section_found/extract_fail,section_found/extract_fail,section_found/extract_fail
学士人数,report_section,report,年报/半年报/季报,python:headcount,universal[*],人力资源管理 — 员工情况,OK,OK,section_found/extract_fail,section_found/extract_fail,section_found/extract_fail,section_found/extract_fail,section_found/extract_fail,section_found/extract_fail
大专人数,report_section,report,年报/半年报/季报,python:headcount,universal[*],人力资源管理 — 员工情况,OK,OK,section_found/extract_fail,section_found/extract_fail,section_found/extract_fail,section_found/extract_fail,section_found/extract_fail,section_found/extract_fail
高中及以下人数,report_section,report,年报/半年报/季报,python:headcount,universal[*],人力资源管理 — 员工情况,OK,OK,section_found/extract_fail,section_found/extract_fail,section_found/extract_fail,section_found/extract_fail,section_found/extract_fail,section_found/extract_fail
生产人员人数,report_section,report,年报/半年报/季报,python:headcount,universal[*],人力资源管理 — 员工情况（按职能）,OK,OK,section_found/extract_fail,section_found/extract_fail,section_found/extract_fail,section_found/extract_fail,section_found/extract_fail,section_found/extract_fail
销售人员人数,report_section,report,年报/半年报/季报,python:headcount,universal[*],人力资源管理 — 员工情况（按职能）,OK,OK,section_found/extract_fail,section_found/extract_fail,section_found/extract_fail,section_found/extract_fail,section_found/extract_fail,section_found/extract_fail
技术人员人数,report_section,report,年报/半年报/季报,python:headcount,universal[*],人力资源管理 — 员工情况（按职能）,OK,OK,section_found/extract_fail,section_found/extract_fail,section_found/extract_fail,section_found/extract_fail,section_found/extract_fail,section_found/extract_fail
财务人员人数,report_section,report,年报/半年报/季报,python:headcount,universal[*],人力资源管理 — 员工情况（按职能）,OK,OK,section_found/extract_fail,section_found/extract_fail,section_found/extract_fail,section_found/extract_fail,section_found/extract_fail,section_found/extract_fail
行政人员人数,report_section,report,年报/半年报/季报,python:headcount,universal[*],人力资源管理 — 员工情况（按职能）,OK,OK,section_found/extract_fail,section_found/extract_fail,section_found/extract_fail,section_found/extract_fail,section_found/extract_fail,section_found/extract_fail
其他人员人数,report_section,report,年报/半年报/季报,python:headcount,universal[*],人力资源管理 — 员工情况（按职能）,OK,OK,section_found/extract_fail,section_found/extract_fail,section_found/extract_fail,section_found/extract_fail,section_found/extract_fail,section_found/extract_fail
市值,market_data,external,实时,,universal[*],realtime/market,skip:external,skip:external,skip:external,skip:external,skip:external,skip:external,skip:external,skip:external
总股数,report_section,report,年报/半年报/季报,llm,universal[*],股本变动 — 股东情况,section_found/no_value,section_found/no_value,section_found/extract_fail,section_found/extract_fail,section_found/no_value,section_found/no_value,section_found/extract_fail,section_found/extract_fail
流通股数,report_section,report,年报/半年报/季报,llm,universal[*],股本变动 — 股东情况,section_found/no_value,section_found/no_value,section_found/extract_fail,section_found/extract_fail,section_found/no_value,section_found/no_value,section_found/extract_fail,section_found/extract_fail
总股东人数（季度）,report_section,report,年报/半年报/季报,python:headcount,universal[*],股东情况,section_found/extract_fail,section_found/extract_fail,section_found/extract_fail,section_found/extract_fail,section_found/no_value,section_found/no_value,section_found/extract_fail,section_found/extract_fail
A股股东人数（季度）,report_section,report,年报/半年报/季报,python:headcount,universal[*],股东情况,section_found/extract_fail,section_found/extract_fail,section_found/extract_fail,section_found/extract_fail,section_found/no_value,section_found/no_value,section_found/extract_fail,section_found/extract_fail
第一大股东持仓占总股本比例,report_section,report,年报/半年报/季报,python:percent_value,universal[*],股东情况 — 主要股东,section_found/extract_fail,section_found/extract_fail,section_found/extract_fail,section_found/extract_fail,section_found/no_value,section_found/no_value,section_found/extract_fail,section_found/extract_fail
前十大流通股东持仓占流通股本比例,report_section,report,年报/半年报/季报,python:percent_value,universal[*],股东情况 — 主要股东,section_found/extract_fail,section_found/extract_fail,section_found/extract_fail,section_found/extract_fail,section_found/no_value,section_found/no_value,section_found/extract_fail,section_found/extract_fail
进公募基金前十大持仓占流通股本比例,market_data,external,季报/半年报,,universal[*],realtime/market,skip:external,skip:external,skip:external,skip:external,skip:external,skip:external,skip:external,skip:external
公募基金持仓占流通股本比例,market_data,external,季报/半年报,,universal[*],realtime/market,skip:external,skip:external,skip:external,skip:external,skip:external,skip:external,skip:external,skip:external
公募基金+自由流通股东持仓占自由流通股本比例,market_data,external,季报/半年报,,universal[*],realtime/market,skip:external,skip:external,skip:external,skip:external,skip:external,skip:external,skip:external,skip:external
PE-TTM,market_data,external,实时,,universal[*],realtime/market,skip:external,skip:external,skip:external,skip:external,skip:external,skip:external,skip:external,skip:external
PE-TTM（扣非）,market_data,external,实时,,universal[*],realtime/market,skip:external,skip:external,skip:external,skip:external,skip:external,skip:external,skip:external,skip:external
PB,market_data,external,实时,,universal[*],realtime/market,skip:external,skip:external,skip:external,skip:external,skip:external,skip:external,skip:external,skip:external
PB（不含商誉）,market_data,external,实时,,universal[*],realtime/market,skip:external,skip:external,skip:external,skip:external,skip:external,skip:external,skip:external,skip:external
PS-TTM,market_data,external,实时,,universal[*],realtime/market,skip:external,skip:external,skip:external,skip:external,skip:external,skip:external,skip:external,skip:external
PCF-TTM,market_data,external,实时,,universal[*],realtime/market,skip:external,skip:external,skip:external,skip:external,skip:external,skip:external,skip:external,skip:external
股息率,market_data,external,实时,,universal[*],realtime/market,skip:external,skip:external,skip:external,skip:external,skip:external,skip:external,skip:external,skip:external
利息收入,income_statement,report,年报/半年报/季报,python:table_row,universal[*],利润表,OK,OK,OK,OK,section_found/no_value,OK,OK,OK
利息支出,income_statement,report,年报/半年报/季报,python:table_row,universal[*],利润表,OK,OK,OK,OK,section_found/no_value,OK,OK,OK
净息收入占比,report_section,report,年报/半年报/季报,python:percent_value,universal[*],财务报表附注,section_found/extract_fail,section_found/extract_fail,section_found/extract_fail,section_found/extract_fail,section_found/extract_fail,section_found/extract_fail,section_found/extract_fail,section_found/extract_fail
非息收入,income_statement,report,年报/半年报/季报,python:table_row,universal[*],利润表,OK,section_found/no_value,section_found/no_value,section_found/no_value,section_found/no_value,section_found/no_value,section_found/no_value,section_found/no_value
非息收入占比,report_section,report,年报/半年报/季报,python:percent_value,universal[*],财务报表附注,section_found/extract_fail,section_found/extract_fail,section_found/extract_fail,section_found/extract_fail,section_found/extract_fail,section_found/extract_fail,section_found/extract_fail,section_found/extract_fail
手续费及佣金收入,income_statement,report,年报/半年报/季报,python:table_row,universal[*],利润表,OK,OK,OK,OK,section_found/no_value,section_found/no_value,section_found/no_value,section_found/no_value
手续费及佣金支出,income_statement,report,年报/半年报/季报,python:table_row,universal[*],利润表,OK,OK,OK,OK,section_found/no_value,OK,OK,OK
公允价值变动收益,income_statement,report,年报/半年报/季报,python:table_row,universal[*],利润表,section_found/no_value,section_found/no_value,section_found/no_value,section_found/no_value,section_found/no_value,section_found/no_value,section_found/no_value,section_found/no_value
投资收益,income_statement,report,年报/半年报/季报,python:table_row,universal[*],利润表,OK,OK,OK,OK,section_found/no_value,section_found/no_value,section_found/no_value,section_found/no_value
对联营企业及合营企业的投资收益,income_statement,report,年报/半年报/季报,python:table_row,universal[*],利润表,section_found/no_value,section_found/no_value,section_found/no_value,section_found/no_value,section_found/no_value,section_found/no_value,section_found/no_value,section_found/no_value
汇兑收益,income_statement,report,年报/半年报/季报,python:table_row,universal[*],利润表,section_found/no_value,section_found/no_value,section_found/no_value,section_found/no_value,section_found/no_value,section_found/no_value,section_found/no_value,section_found/no_value
其他业务收入,income_statement,report,年报/半年报/季报,python:table_row,universal[*],利润表,OK,OK,OK,OK,section_found/no_value,section_found/no_value,section_found/no_value,section_found/no_value
营业支出,income_statement,report,年报/半年报/季报,python:table_row,universal[*],利润表,OK,OK,OK,OK,section_found/no_value,section_found/no_value,section_found/no_value,section_found/no_value
税金及附加,income_statement,report,年报/半年报/季报,python:table_row,universal[*],利润表,OK,OK,OK,OK,section_found/no_value,OK,OK,OK
业务及管理费用,income_statement,report,年报/半年报/季报,python:table_row,universal[*],利润表,section_found/no_value,section_found/no_value,section_found/no_value,section_found/no_value,section_found/no_value,section_found/no_value,section_found/no_value,section_found/no_value
其他业务成本,income_statement,report,年报/半年报/季报,python:table_row,universal[*],利润表,OK,OK,OK,OK,section_found/no_value,section_found/no_value,section_found/no_value,section_found/no_value
收入成本比,report_section,report,年报/半年报/季报,llm,universal[*],财务报表附注,section_found/extract_fail,section_found/extract_fail,section_found/extract_fail,section_found/extract_fail,section_found/extract_fail,section_found/extract_fail,section_found/extract_fail,section_found/extract_fail
信用减值损失,income_statement,report,年报/半年报/季报,python:table_row,universal[*],利润表,section_found/no_value,section_found/no_value,section_found/no_value,section_found/no_value,section_found/no_value,section_found/no_value,section_found/no_value,section_found/no_value
资产减值损失,income_statement,report,年报/半年报/季报,python:table_row,universal[*],利润表,OK,OK,OK,OK,section_found/no_value,section_found/no_value,section_found/no_value,section_found/no_value
其他资产减值损失,income_statement,report,年报/半年报/季报,python:table_row,universal[*],利润表,section_found/no_value,section_found/no_value,section_found/no_value,section_found/no_value,section_found/no_value,section_found/no_value,section_found/no_value,section_found/no_value
加：营业外收入,income_statement,report,年报/半年报/季报,python:table_row,universal[*],利润表,section_found/no_value,section_found/no_value,OK,OK,section_found/no_value,OK,OK,OK
减：营业外支出,income_statement,report,年报/半年报/季报,python:table_row,universal[*],利润表,section_found/no_value,section_found/no_value,OK,OK,section_found/no_value,OK,OK,OK
减：所得税费用,income_statement,report,年报/半年报/季报,python:table_row,universal[*],利润表,OK,OK,OK,OK,section_found/no_value,OK,OK,OK
有效税率,report_section,report,年报/半年报/季报,python:percent_value,universal[*],财务报表附注,section_found/extract_fail,section_found/extract_fail,section_found/extract_fail,section_found/extract_fail,section_found/extract_fail,section_found/extract_fail,section_found/extract_fail,section_found/extract_fail
（一）持续经营净利润,income_statement,report,年报/半年报/季报,python:table_row,universal[*],利润表,section_found/no_value,section_found/no_value,section_found/no_value,section_found/no_value,section_found/no_value,section_found/no_value,section_found/no_value,section_found/no_value
（二）终止经营净利润,income_statement,report,年报/半年报/季报,python:table_row,universal[*],利润表,section_found/no_value,section_found/no_value,section_found/no_value,section_found/no_value,section_found/no_value,section_found/no_value,section_found/no_value,section_found/no_value
归属于母公司股东及其他权益持有者的净利润,income_statement,report,年报/半年报/季报,python:table_row,universal[*],利润表,section_found/no_value,section_found/no_value,section_found/no_value,section_found/no_value,section_found/no_value,section_found/no_value,section_found/no_value,section_found/no_value
归属于母公司普通股股东的净利润,income_statement,report,年报/半年报/季报,python:table_row,universal[*],利润表,OK,section_found/no_value,section_found/no_value,section_found/no_value,section_found/no_value,section_found/no_value,section_found/no_value,section_found/no_value
少数股东损益,income_statement,report,年报/半年报/季报,python:table_row,universal[*],利润表,section_found/no_value,section_found/no_value,section_found/no_value,section_found/no_value,section_found/no_value,OK,OK,OK
归属于母公司普通股股东的扣除非经常性损益的净利润,report_section,report,年报/半年报/季报,llm,universal[*],财务报表附注,section_found/extract_fail,section_found/extract_fail,section_found/extract_fail,section_found/extract_fail,section_found/extract_fail,section_found/extract_fail,section_found/extract_fail,section_found/extract_fail
扣非净利润占比,report_section,report,年报/半年报/季报,python:percent_value,universal[*],财务报表附注,section_found/extract_fail,section_found/extract_fail,section_found/extract_fail,section_found/extract_fail,section_found/extract_fail,section_found/extract_fail,section_found/extract_fail,section_found/extract_fail
归属于母公司普通股股东的加权ROE,report_section,report,年报/半年报/季报,llm,universal[*],财务报表附注,section_found/extract_fail,section_found/extract_fail,section_found/extract_fail,section_found/extract_fail,section_found/extract_fail,section_found/extract_fail,section_found/extract_fail,section_found/extract_fail
归属于母公司普通股股东的扣非加权ROE,report_section,report,年报/半年报/季报,llm,universal[*],财务报表附注,section_found/extract_fail,section_found/extract_fail,section_found/extract_fail,section_found/extract_fail,section_found/extract_fail,section_found/extract_fail,section_found/extract_fail,section_found/extract_fail
稀释每股收益,income_statement,report,年报/半年报/季报,python:table_row,universal[*],利润表,section_found/no_value,section_found/no_value,OK,OK,section_found/no_value,OK,OK,OK
综合收益总额,income_statement,report,年报/半年报/季报,python:table_row,universal[*],利润表,section_found/no_value,section_found/no_value,OK,OK,section_found/no_value,OK,OK,OK
归属于母公司股东及其他权益持有者的综合收益总额,income_statement,report,年报/半年报/季报,python:table_row,universal[*],利润表,section_found/no_value,section_found/no_value,section_found/no_value,section_found/no_value,section_found/no_value,section_found/no_value,section_found/no_value,section_found/no_value
归属于母公司普通股股东的综合收益总额,income_statement,report,年报/半年报/季报,python:table_row,universal[*],利润表,section_found/no_value,section_found/no_value,section_found/no_value,section_found/no_value,section_found/no_value,section_found/no_value,section_found/no_value,section_found/no_value
归属于少数股东的综合收益总额,income_statement,report,年报/半年报/季报,python:table_row,universal[*],利润表,section_found/no_value,section_found/no_value,section_found/no_value,section_found/no_value,section_found/no_value,section_found/no_value,section_found/no_value,section_found/no_value
其他综合收益的税后净额,income_statement,report,年报/半年报/季报,python:table_row,universal[*],利润表,section_found/no_value,section_found/no_value,section_found/no_value,OK,section_found/no_value,OK,OK,OK
境内营业成本,report_section,report,年报/半年报,llm,universal[*],分部信息 — 分地区,section_found/no_value,section_found/no_value,skip:form_filter,skip:form_filter,section_found/extract_fail,section_found/extract_fail,skip:form_filter,skip:form_filter
境内毛利率,report_section,report,年报/半年报,python:percent_value,universal[*],分部信息 — 分地区,section_found/no_value,section_found/no_value,skip:form_filter,skip:form_filter,section_found/extract_fail,section_found/extract_fail,skip:form_filter,skip:form_filter
境内收入占比,report_section,report,年报/半年报,python:percent_value,universal[*],分部信息 — 分地区,section_found/no_value,section_found/no_value,skip:form_filter,skip:form_filter,section_found/extract_fail,section_found/extract_fail,skip:form_filter,skip:form_filter
境外营业成本,report_section,report,年报/半年报,llm,universal[*],分部信息 — 分地区,section_found/no_value,section_found/no_value,skip:form_filter,skip:form_filter,section_found/extract_fail,section_found/extract_fail,skip:form_filter,skip:form_filter
境外毛利率,report_section,report,年报/半年报,python:percent_value,universal[*],分部信息 — 分地区,section_found/no_value,section_found/no_value,skip:form_filter,skip:form_filter,section_found/extract_fail,section_found/extract_fail,skip:form_filter,skip:form_filter
境外收入占比,report_section,report,年报/半年报,python:percent_value,universal[*],分部信息 — 分地区,section_found/no_value,section_found/no_value,skip:form_filter,skip:form_filter,section_found/extract_fail,section_found/extract_fail,skip:form_filter,skip:form_filter
分红率,report_section,report,年报,python:percent_value,universal[*],重要事项 — 利润分配,section_found/no_value,skip:form_filter,skip:form_filter,skip:form_filter,section_found/no_value,skip:form_filter,skip:form_filter,skip:form_filter
A股分红金额,report_section,report,年报,llm,universal[*],重要事项 — 利润分配,section_found/no_value,skip:form_filter,skip:form_filter,skip:form_filter,section_found/no_value,skip:form_filter,skip:form_filter,skip:form_filter
A股融资金额,report_section,report,年报,llm,universal[*],融资情况,section_found/extract_fail,skip:form_filter,skip:form_filter,skip:form_filter,section_found/extract_fail,skip:form_filter,skip:form_filter,skip:form_filter
年度涨跌幅,market_data,external,年报,,universal[*],realtime/market,skip:external,skip:external,skip:external,skip:external,skip:external,skip:external,skip:external,skip:external
前五大客户收入占比,report_section,report,年报,python:percent_value,universal[*],客户情况,section_found/extract_fail,skip:form_filter,skip:form_filter,skip:form_filter,section_found/extract_fail,skip:form_filter,skip:form_filter,skip:form_filter
前五大供应商采购占比,report_section,report,年报,python:percent_value,universal[*],供应商情况,section_found/extract_fail,skip:form_filter,skip:form_filter,skip:form_filter,section_found/extract_fail,skip:form_filter,skip:form_filter,skip:form_filter
发放贷款及垫款的净减少额,cashflow,report,年报/半年报/季报,python:table_row,universal[*],现金流量表,section_found/no_value,section_found/no_value,section_found/no_value,section_found/no_value,section_found/no_value,section_found/no_value,section_found/no_value,section_found/no_value
向中央银行借款净增加额,cashflow,report,年报/半年报/季报,python:table_row,universal[*],现金流量表,section_found/no_value,section_found/no_value,section_found/no_value,section_found/no_value,section_found/no_value,section_found/no_value,section_found/no_value,section_found/no_value
客户存款和同业及其他金融机构存放款项净增加额,cashflow,report,年报/半年报/季报,python:table_row,universal[*],现金流量表,section_found/no_value,section_found/no_value,section_found/no_value,section_found/no_value,section_found/no_value,section_found/no_value,section_found/no_value,section_found/no_value
客户存款净增加额,cashflow,report,年报/半年报/季报,python:table_row,universal[*],现金流量表,section_found/no_value,section_found/no_value,section_found/no_value,section_found/no_value,section_found/no_value,section_found/no_value,section_found/no_value,section_found/no_value
同业及其他金融机构存放款项净增加额,cashflow,report,年报/半年报/季报,python:table_row,universal[*],现金流量表,section_found/no_value,section_found/no_value,section_found/no_value,section_found/no_value,section_found/no_value,section_found/no_value,section_found/no_value,section_found/no_value
存放中央银行和同业及其他金融机构款项净减少额,cashflow,report,年报/半年报/季报,python:table_row,universal[*],现金流量表,section_found/no_value,section_found/no_value,section_found/no_value,section_found/no_value,section_found/no_value,section_found/no_value,section_found/no_value,section_found/no_value
存放中央银行款项净减少额,cashflow,report,年报/半年报/季报,python:table_row,universal[*],现金流量表,section_found/no_value,section_found/no_value,section_found/no_value,section_found/no_value,section_found/no_value,section_found/no_value,section_found/no_value,section_found/no_value
存放同业及其他金融机构款项净减少额,cashflow,report,年报/半年报/季报,python:table_row,universal[*],现金流量表,section_found/no_value,section_found/no_value,section_found/no_value,section_found/no_value,section_found/no_value,section_found/no_value,section_found/no_value,section_found/no_value
拆入资金及卖出回购金融资产净增加额,cashflow,report,年报/半年报/季报,python:table_row,universal[*],现金流量表,section_found/no_value,section_found/no_value,section_found/no_value,section_found/no_value,section_found/no_value,section_found/no_value,section_found/no_value,section_found/no_value
拆入资金净增加额,cashflow,report,年报/半年报/季报,python:table_row,universal[*],现金流量表,section_found/no_value,section_found/no_value,section_found/no_value,section_found/no_value,section_found/no_value,section_found/no_value,section_found/no_value,section_found/no_value
卖出回购业务资金净增加额,cashflow,report,年报/半年报/季报,python:table_row,universal[*],现金流量表,section_found/no_value,section_found/no_value,section_found/no_value,section_found/no_value,section_found/no_value,section_found/no_value,section_found/no_value,section_found/no_value
拆出资金及买入返售金融资产净减少额,cashflow,report,年报/半年报/季报,python:table_row,universal[*],现金流量表,section_found/no_value,section_found/no_value,section_found/no_value,section_found/no_value,section_found/no_value,section_found/no_value,section_found/no_value,section_found/no_value
拆出资金净减少额,cashflow,report,年报/半年报/季报,python:table_row,universal[*],现金流量表,section_found/no_value,section_found/no_value,section_found/no_value,section_found/no_value,section_found/no_value,section_found/no_value,section_found/no_value,section_found/no_value
买入返售金融资产款净减少额,cashflow,report,年报/半年报/季报,python:table_row,universal[*],现金流量表,section_found/no_value,section_found/no_value,section_found/no_value,section_found/no_value,section_found/no_value,section_found/no_value,section_found/no_value,section_found/no_value
为交易目的而持有的金融资产净减少额,cashflow,report,年报/半年报/季报,python:table_row,universal[*],现金流量表,section_found/no_value,section_found/no_value,section_found/no_value,section_found/no_value,section_found/no_value,section_found/no_value,section_found/no_value,section_found/no_value
收取利息、手续费及佣金的现金,cashflow,report,年报/半年报/季报,python:table_row,universal[*],现金流量表,section_found/no_value,section_found/no_value,section_found/no_value,section_found/no_value,section_found/no_value,section_found/no_value,OK,OK
收到的其他与经营活动有关现金,cashflow,report,年报/半年报/季报,python:table_row,universal[*],现金流量表,section_found/no_value,section_found/no_value,section_found/no_value,section_found/no_value,section_found/no_value,section_found/no_value,section_found/no_value,section_found/no_value
经营活动现金流入小计,cashflow,report,年报/半年报/季报,python:table_row,universal[*],现金流量表,section_found/no_value,section_found/no_value,OK,OK,section_found/no_value,section_found/no_value,OK,OK
发放贷款及垫款的净增加额,cashflow,report,年报/半年报/季报,python:table_row,universal[*],现金流量表,section_found/no_value,section_found/no_value,section_found/no_value,section_found/no_value,section_found/no_value,section_found/no_value,section_found/no_value,section_found/no_value
向中央银行借款净减少额,cashflow,report,年报/半年报/季报,python:table_row,universal[*],现金流量表,section_found/no_value,section_found/no_value,section_found/no_value,section_found/no_value,section_found/no_value,section_found/no_value,section_found/no_value,section_found/no_value
客户存款和同业及其他金融机构存放款项净减少额,cashflow,report,年报/半年报/季报,python:table_row,universal[*],现金流量表,section_found/no_value,section_found/no_value,section_found/no_value,section_found/no_value,section_found/no_value,section_found/no_value,section_found/no_value,section_found/no_value
客户存款净减少额,cashflow,report,年报/半年报/季报,python:table_row,universal[*],现金流量表,section_found/no_value,section_found/no_value,section_found/no_value,section_found/no_value,section_found/no_value,section_found/no_value,section_found/no_value,section_found/no_value
同业及其他金融机构存放款项净减少额,cashflow,report,年报/半年报/季报,python:table_row,universal[*],现金流量表,section_found/no_value,section_found/no_value,section_found/no_value,section_found/no_value,section_found/no_value,section_found/no_value,section_found/no_value,section_found/no_value
存放中央银行和同业及其他金融机构款项净增加额,cashflow,report,年报/半年报/季报,python:table_row,universal[*],现金流量表,section_found/no_value,section_found/no_value,section_found/no_value,section_found/no_value,section_found/no_value,section_found/no_value,section_found/no_value,section_found/no_value
存放中央银行款净增加额,cashflow,report,年报/半年报/季报,python:table_row,universal[*],现金流量表,section_found/no_value,section_found/no_value,section_found/no_value,section_found/no_value,section_found/no_value,section_found/no_value,section_found/no_value,section_found/no_value
存放同业及其他金融机构款项净增加额,cashflow,report,年报/半年报/季报,python:table_row,universal[*],现金流量表,section_found/no_value,section_found/no_value,section_found/no_value,section_found/no_value,section_found/no_value,section_found/no_value,section_found/no_value,section_found/no_value
拆入资金及卖出回购金融资产款净减少额,cashflow,report,年报/半年报/季报,python:table_row,universal[*],现金流量表,section_found/no_value,section_found/no_value,section_found/no_value,section_found/no_value,section_found/no_value,section_found/no_value,section_found/no_value,section_found/no_value
拆入资金净减少额,cashflow,report,年报/半年报/季报,python:table_row,universal[*],现金流量表,section_found/no_value,section_found/no_value,section_found/no_value,section_found/no_value,section_found/no_value,section_found/no_value,section_found/no_value,section_found/no_value
卖出回购业务资金净减少额,cashflow,report,年报/半年报/季报,python:table_row,universal[*],现金流量表,section_found/no_value,section_found/no_value,section_found/no_value,section_found/no_value,section_found/no_value,section_found/no_value,section_found/no_value,section_found/no_value
拆出资金及买入返售金融资产净增加额,cashflow,report,年报/半年报/季报,python:table_row,universal[*],现金流量表,section_found/no_value,section_found/no_value,section_found/no_value,section_found/no_value,section_found/no_value,section_found/no_value,section_found/no_value,section_found/no_value
拆出资金增加额,cashflow,report,年报/半年报/季报,python:table_row,universal[*],现金流量表,section_found/no_value,section_found/no_value,section_found/no_value,section_found/no_value,section_found/no_value,section_found/no_value,section_found/no_value,section_found/no_value
买入返售金融资产净增加额,cashflow,report,年报/半年报/季报,python:table_row,universal[*],现金流量表,section_found/no_value,section_found/no_value,section_found/no_value,section_found/no_value,section_found/no_value,section_found/no_value,section_found/no_value,section_found/no_value
为交易目的而持有的金融资产净增加额,cashflow,report,年报/半年报/季报,python:table_row,universal[*],现金流量表,section_found/no_value,section_found/no_value,section_found/no_value,section_found/no_value,section_found/no_value,section_found/no_value,section_found/no_value,section_found/no_value
支付利息、手续费及佣金的现金,cashflow,report,年报/半年报/季报,python:table_row,universal[*],现金流量表,section_found/no_value,section_found/no_value,section_found/no_value,section_found/no_value,section_found/no_value,section_found/no_value,OK,OK
支付给职工及为职工支付的现金,cashflow,report,年报/半年报/季报,python:table_row,universal[*],现金流量表,section_found/no_value,section_found/no_value,section_found/no_value,section_found/no_value,section_found/no_value,section_found/no_value,OK,OK
支付的各种税费,cashflow,report,年报/半年报/季报,python:table_row,universal[*],现金流量表,section_found/no_value,section_found/no_value,section_found/no_value,section_found/no_value,section_found/no_value,section_found/no_value,section_found/no_value,section_found/no_value
支付的其他与经营活动有关现金,cashflow,report,年报/半年报/季报,python:table_row,universal[*],现金流量表,section_found/no_value,section_found/no_value,section_found/no_value,section_found/no_value,section_found/no_value,section_found/no_value,section_found/no_value,section_found/no_value
经营活动现金流出小计,cashflow,report,年报/半年报/季报,python:table_row,universal[*],现金流量表,section_found/no_value,section_found/no_value,OK,OK,section_found/no_value,section_found/no_value,OK,OK
收回投资收到的现金,cashflow,report,年报/半年报/季报,python:table_row,universal[*],现金流量表,section_found/no_value,section_found/no_value,OK,OK,section_found/no_value,section_found/no_value,OK,OK
取得投资收益所收到的现金,cashflow,report,年报/半年报/季报,python:table_row,universal[*],现金流量表,section_found/no_value,section_found/no_value,section_found/no_value,section_found/no_value,section_found/no_value,section_found/no_value,section_found/no_value,section_found/no_value
处置固定资产、无形资产及其他长期资产收到的现金,cashflow,report,年报/半年报/季报,python:table_row,universal[*],现金流量表,section_found/no_value,section_found/no_value,section_found/no_value,section_found/no_value,section_found/no_value,section_found/no_value,section_found/no_value,section_found/no_value
处置子公司、合营联营企业及其他营业单位收到的现金净额,cashflow,report,年报/半年报/季报,python:table_row,universal[*],现金流量表,section_found/no_value,section_found/no_value,section_found/no_value,section_found/no_value,section_found/no_value,section_found/no_value,section_found/no_value,section_found/no_value
处置子公司或其他营业单位收到的现金净额,cashflow,report,年报/半年报/季报,python:table_row,universal[*],现金流量表,section_found/no_value,section_found/no_value,section_found/no_value,section_found/no_value,section_found/no_value,section_found/no_value,section_found/no_value,section_found/no_value
处置合营或联营公司所收到的现金,cashflow,report,年报/半年报/季报,python:table_row,universal[*],现金流量表,section_found/no_value,section_found/no_value,section_found/no_value,section_found/no_value,section_found/no_value,section_found/no_value,section_found/no_value,section_found/no_value
收到的其他与投资活动相关的现金,cashflow,report,年报/半年报/季报,python:table_row,universal[*],现金流量表,section_found/no_value,section_found/no_value,section_found/no_value,section_found/no_value,section_found/no_value,section_found/no_value,section_found/no_value,section_found/no_value
投资活动现金流入小计,cashflow,report,年报/半年报/季报,python:table_row,universal[*],现金流量表,section_found/no_value,section_found/no_value,OK,OK,section_found/no_value,section_found/no_value,OK,OK
投资所支付的现金,cashflow,report,年报/半年报/季报,python:table_row,universal[*],现金流量表,OK,OK,section_found/no_value,section_found/no_value,section_found/no_value,section_found/no_value,section_found/no_value,section_found/no_value
购建固定资产、无形资产及其他长期资产所支付的现金,cashflow,report,年报/半年报/季报,python:table_row,universal[*],现金流量表,section_found/no_value,section_found/no_value,section_found/no_value,section_found/no_value,section_found/no_value,section_found/no_value,section_found/no_value,section_found/no_value
取得子公司、合营联营企业及其他营业单位支付的现金净额,cashflow,report,年报/半年报/季报,python:table_row,universal[*],现金流量表,section_found/no_value,section_found/no_value,section_found/no_value,section_found/no_value,section_found/no_value,section_found/no_value,section_found/no_value,section_found/no_value
取得子公司及其营业单位支付的现金净额,cashflow,report,年报/半年报/季报,python:table_row,universal[*],现金流量表,section_found/no_value,section_found/no_value,section_found/no_value,section_found/no_value,section_found/no_value,section_found/no_value,section_found/no_value,section_found/no_value
取得联营及合营公司支付的现金净额,cashflow,report,年报/半年报/季报,python:table_row,universal[*],现金流量表,section_found/no_value,section_found/no_value,section_found/no_value,section_found/no_value,section_found/no_value,section_found/no_value,section_found/no_value,section_found/no_value
支付的其他与投资活动有关的现金,cashflow,report,年报/半年报/季报,python:table_row,universal[*],现金流量表,section_found/no_value,section_found/no_value,section_found/no_value,section_found/no_value,section_found/no_value,OK,section_found/no_value,section_found/no_value
投资活动现金流出小计,cashflow,report,年报/半年报/季报,python:table_row,universal[*],现金流量表,section_found/no_value,section_found/no_value,OK,OK,section_found/no_value,section_found/no_value,OK,OK
吸收投资收到的现金,cashflow,report,年报/半年报/季报,python:table_row,universal[*],现金流量表,section_found/no_value,section_found/no_value,section_found/no_value,section_found/no_value,section_found/no_value,section_found/no_value,section_found/no_value,section_found/no_value
子公司吸收少数股东投资收到的现金,cashflow,report,年报/半年报/季报,python:table_row,universal[*],现金流量表,section_found/no_value,section_found/no_value,section_found/no_value,section_found/no_value,section_found/no_value,section_found/no_value,section_found/no_value,section_found/no_value
资产证券化收到的现金,cashflow,report,年报/半年报/季报,python:table_row,universal[*],现金流量表,section_found/no_value,section_found/no_value,section_found/no_value,section_found/no_value,section_found/no_value,section_found/no_value,section_found/no_value,section_found/no_value
发行存款证收到的现金,cashflow,report,年报/半年报/季报,python:table_row,universal[*],现金流量表,section_found/no_value,section_found/no_value,section_found/no_value,section_found/no_value,section_found/no_value,section_found/no_value,section_found/no_value,section_found/no_value
发行债券收到的现金,cashflow,report,年报/半年报/季报,python:table_row,universal[*],现金流量表,section_found/no_value,section_found/no_value,section_found/no_value,section_found/no_value,section_found/no_value,section_found/no_value,section_found/no_value,section_found/no_value
发行同业存单收到的现金,cashflow,report,年报/半年报/季报,python:table_row,universal[*],现金流量表,section_found/no_value,section_found/no_value,section_found/no_value,section_found/no_value,section_found/no_value,section_found/no_value,section_found/no_value,section_found/no_value
发行永续债收到的现金,cashflow,report,年报/半年报/季报,python:table_row,universal[*],现金流量表,section_found/no_value,section_found/no_value,section_found/no_value,section_found/no_value,section_found/no_value,section_found/no_value,section_found/no_value,section_found/no_value
上市募集资金总额,cashflow,report,年报,python:table_row,universal[*],现金流量表,section_found/no_value,skip:form_filter,skip:form_filter,skip:form_filter,section_found/no_value,skip:form_filter,skip:form_filter,skip:form_filter
收到的其他与筹资活动有关的现金,cashflow,report,年报/半年报/季报,python:table_row,universal[*],现金流量表,section_found/no_value,section_found/no_value,section_found/no_value,section_found/no_value,section_found/no_value,section_found/no_value,section_found/no_value,section_found/no_value
筹资活动产生的现金流入小计,cashflow,report,年报/半年报/季报,python:table_row,universal[*],现金流量表,section_found/no_value,section_found/no_value,section_found/no_value,section_found/no_value,section_found/no_value,section_found/no_value,section_found/no_value,section_found/no_value
偿还已发行存款证支付的现金,cashflow,report,年报/半年报/季报,python:table_row,universal[*],现金流量表,section_found/no_value,section_found/no_value,section_found/no_value,section_found/no_value,section_found/no_value,section_found/no_value,section_found/no_value,section_found/no_value
偿付债务支付的现金,cashflow,report,年报/半年报/季报,python:table_row,universal[*],现金流量表,section_found/no_value,section_found/no_value,section_found/no_value,section_found/no_value,section_found/no_value,section_found/no_value,section_found/no_value,section_found/no_value
偿还已发行同业存单支付的现金,cashflow,report,年报/半年报/季报,python:table_row,universal[*],现金流量表,section_found/no_value,section_found/no_value,section_found/no_value,section_found/no_value,section_found/no_value,section_found/no_value,section_found/no_value,section_found/no_value
偿还债券利息支付的现金,cashflow,report,年报/半年报/季报,python:table_row,universal[*],现金流量表,section_found/no_value,section_found/no_value,section_found/no_value,section_found/no_value,section_found/no_value,section_found/no_value,section_found/no_value,section_found/no_value
分配股利、利润或偿付利息所支付的现金,cashflow,report,年报/半年报/季报,python:table_row,universal[*],现金流量表,section_found/no_value,section_found/no_value,section_found/no_value,section_found/no_value,section_found/no_value,section_found/no_value,section_found/no_value,section_found/no_value
子公司支付少数股东股利及利润,cashflow,report,年报/半年报/季报,python:table_row,universal[*],现金流量表,section_found/no_value,section_found/no_value,section_found/no_value,section_found/no_value,section_found/no_value,section_found/no_value,section_found/no_value,section_found/no_value
赎回非控制性权益支付的现金,cashflow,report,年报/半年报/季报,python:table_row,universal[*],现金流量表,section_found/no_value,section_found/no_value,section_found/no_value,section_found/no_value,section_found/no_value,section_found/no_value,section_found/no_value,section_found/no_value
支付新股发行费用,cashflow,report,年报,python:table_row,universal[*],现金流量表,section_found/no_value,skip:form_filter,skip:form_filter,skip:form_filter,section_found/no_value,skip:form_filter,skip:form_filter,skip:form_filter
支付的其他与筹资活动有关的现金,cashflow,report,年报/半年报/季报,python:table_row,universal[*],现金流量表,section_found/no_value,section_found/no_value,section_found/no_value,section_found/no_value,section_found/no_value,OK,section_found/no_value,section_found/no_value
筹资活动产生的现金流出小计,cashflow,report,年报/半年报/季报,python:table_row,universal[*],现金流量表,section_found/no_value,section_found/no_value,section_found/no_value,section_found/no_value,section_found/no_value,section_found/no_value,section_found/no_value,section_found/no_value
汇率变动对现金及现金等价物的影响,cashflow,report,年报/半年报/季报,python:percent_value,universal[*],现金流量表,section_found/no_value,section_found/no_value,section_found/no_value,section_found/no_value,section_found/no_value,section_found/no_value,section_found/no_value,section_found/no_value
期初现金及现金等价物的余额,cashflow,report,年报/半年报/季报,python:table_row,universal[*],现金流量表,section_found/no_value,section_found/no_value,section_found/no_value,section_found/no_value,section_found/no_value,section_found/no_value,section_found/no_value,section_found/no_value
现金及现金等价物的净增加额,cashflow,report,年报/半年报/季报,python:table_row,universal[*],现金流量表,section_found/no_value,section_found/no_value,section_found/no_value,section_found/no_value,section_found/no_value,section_found/no_value,section_found/no_value,section_found/no_value
期末现金及现金等价物净余额,cashflow,report,年报/半年报/季报,python:table_row,universal[*],现金流量表,section_found/no_value,section_found/no_value,section_found/no_value,section_found/no_value,section_found/no_value,section_found/no_value,section_found/no_value,section_found/no_value
加：资产减值准备,cashflow,report,年报/半年报/季报,python:table_row,universal[*],现金流量表,section_found/no_value,section_found/no_value,section_found/no_value,section_found/no_value,section_found/no_value,section_found/no_value,section_found/no_value,section_found/no_value
固定资产折旧、油气资产折耗、生产性生物资产折旧,cashflow,report,年报/半年报/季报,python:table_row,universal[*],现金流量表,section_found/no_value,section_found/no_value,section_found/no_value,section_found/no_value,section_found/no_value,section_found/no_value,section_found/no_value,section_found/no_value
投资性房地产的折旧及摊销,cashflow,report,年报/半年报/季报,python:table_row,universal[*],现金流量表,section_found/no_value,section_found/no_value,section_found/no_value,section_found/no_value,section_found/no_value,section_found/no_value,section_found/no_value,section_found/no_value
使用权资产摊销,cashflow,report,年报/半年报/季报,python:table_row,universal[*],现金流量表,section_found/no_value,section_found/no_value,section_found/no_value,section_found/no_value,section_found/no_value,section_found/no_value,section_found/no_value,section_found/no_value
无形资产摊销,cashflow,report,年报/半年报/季报,python:table_row,universal[*],现金流量表,section_found/no_value,section_found/no_value,section_found/no_value,section_found/no_value,section_found/no_value,section_found/no_value,section_found/no_value,section_found/no_value
长期待摊费用摊销,cashflow,report,年报/半年报/季报,python:table_row,universal[*],现金流量表,section_found/no_value,section_found/no_value,section_found/no_value,section_found/no_value,section_found/no_value,section_found/no_value,section_found/no_value,section_found/no_value
处置固定资产、无形资产和其他长期资产的损失,cashflow,report,年报/半年报/季报,python:table_row,universal[*],现金流量表,section_found/no_value,section_found/no_value,section_found/no_value,section_found/no_value,section_found/no_value,section_found/no_value,section_found/no_value,section_found/no_value
固定资产报废损失,cashflow,report,年报/半年报/季报,python:table_row,universal[*],现金流量表,section_found/no_value,section_found/no_value,section_found/no_value,section_found/no_value,section_found/no_value,section_found/no_value,section_found/no_value,section_found/no_value
公允价值变动损失,cashflow,report,年报/半年报/季报,python:table_row,universal[*],现金流量表,section_found/no_value,section_found/no_value,section_found/no_value,section_found/no_value,section_found/no_value,section_found/no_value,section_found/no_value,section_found/no_value
财务费用,cashflow,report,年报/半年报/季报,python:table_row,universal[*],现金流量表,section_found/no_value,section_found/no_value,section_found/no_value,section_found/no_value,OK,section_found/no_value,section_found/no_value,section_found/no_value
投资损失,cashflow,report,年报/半年报/季报,python:table_row,universal[*],现金流量表,section_found/no_value,section_found/no_value,section_found/no_value,section_found/no_value,section_found/no_value,section_found/no_value,section_found/no_value,section_found/no_value
递延所得税资产减少,cashflow,report,年报/半年报/季报,python:table_row,universal[*],现金流量表,section_found/no_value,section_found/no_value,section_found/no_value,section_found/no_value,section_found/no_value,section_found/no_value,section_found/no_value,section_found/no_value
递延所得税负债增加,cashflow,report,年报/半年报/季报,python:table_row,universal[*],现金流量表,section_found/no_value,section_found/no_value,section_found/no_value,section_found/no_value,section_found/no_value,section_found/no_value,section_found/no_value,section_found/no_value
存货的减少,cashflow,report,年报/半年报/季报,python:table_row,universal[*],现金流量表,section_found/no_value,section_found/no_value,section_found/no_value,section_found/no_value,section_found/no_value,section_found/no_value,section_found/no_value,section_found/no_value
经营性应收项目的减少,cashflow,report,年报/半年报/季报,python:table_row,universal[*],现金流量表,section_found/no_value,section_found/no_value,section_found/no_value,section_found/no_value,section_found/no_value,section_found/no_value,section_found/no_value,section_found/no_value
经营性应付项目的增加,cashflow,report,年报/半年报/季报,python:table_row,universal[*],现金流量表,section_found/no_value,section_found/no_value,OK,OK,section_found/no_value,section_found/no_value,section_found/no_value,section_found/no_value
其他,cashflow,report,年报/半年报/季报,python:table_row,universal[*],现金流量表,OK,OK,OK,OK,section_found/no_value,OK,OK,OK
一年内到期的可转换公司债券,cashflow,report,年报/半年报/季报,python:table_row,universal[*],现金流量表,section_found/no_value,section_found/no_value,section_found/no_value,section_found/no_value,section_found/no_value,section_found/no_value,section_found/no_value,section_found/no_value
融资租入固定资产,cashflow,report,年报/半年报/季报,python:table_row,universal[*],现金流量表,section_found/no_value,section_found/no_value,section_found/no_value,section_found/no_value,section_found/no_value,section_found/no_value,section_found/no_value,section_found/no_value
人均薪酬,report_section,report,年报/半年报/季报,python:headcount,universal[*],人力资源管理 — 员工情况,OK,OK,section_found/extract_fail,section_found/extract_fail,section_found/extract_fail,section_found/extract_fail,section_found/extract_fail,section_found/extract_fail
贷存比,report_section,report,年报/半年报/季报,llm,universal[*],财务报表附注,section_found/extract_fail,section_found/extract_fail,section_found/extract_fail,section_found/extract_fail,section_found/extract_fail,section_found/extract_fail,section_found/extract_fail,section_found/extract_fail
归属于母公司普通股股东的每股收益,report_section,report,年报/半年报/季报,llm,universal[*],财务报表附注,section_found/extract_fail,section_found/extract_fail,section_found/extract_fail,section_found/extract_fail,section_found/extract_fail,section_found/extract_fail,section_found/extract_fail,section_found/extract_fail
归属于母公司普通股股东的每股扣非收益,report_section,report,年报/半年报/季报,llm,universal[*],财务报表附注,section_found/extract_fail,section_found/extract_fail,section_found/extract_fail,section_found/extract_fail,section_found/extract_fail,section_found/extract_fail,section_found/extract_fail,section_found/extract_fail
每股资本公积,report_section,report,年报/半年报/季报,llm,universal[*],财务报表附注,section_found/extract_fail,section_found/extract_fail,section_found/extract_fail,section_found/extract_fail,section_found/extract_fail,section_found/extract_fail,section_found/extract_fail,section_found/extract_fail
每股未分配利润,report_section,report,年报/半年报/季报,llm,universal[*],财务报表附注,section_found/extract_fail,section_found/extract_fail,section_found/extract_fail,section_found/extract_fail,section_found/extract_fail,section_found/extract_fail,section_found/extract_fail,section_found/extract_fail
每股分红,report_section,report,年报,llm,universal[*],财务报表附注,section_found/extract_fail,skip:form_filter,skip:form_filter,skip:form_filter,section_found/extract_fail,skip:form_filter,skip:form_filter,skip:form_filter
每股经营活动产生的现金流量,report_section,report,年报/半年报/季报,llm,universal[*],财务报表附注,section_found/extract_fail,section_found/extract_fail,section_found/extract_fail,section_found/extract_fail,section_found/extract_fail,section_found/extract_fail,section_found/extract_fail,section_found/extract_fail
每股经营活动产生的现金流量净额,report_section,report,年报/半年报/季报,llm,universal[*],财务报表附注,section_found/extract_fail,section_found/extract_fail,section_found/extract_fail,section_found/extract_fail,section_found/extract_fail,section_found/extract_fail,section_found/extract_fail,section_found/extract_fail
归属于少数股股东的ROE,report_section,report,年报/半年报/季报,llm,universal[*],财务报表附注,section_found/extract_fail,section_found/extract_fail,section_found/extract_fail,section_found/extract_fail,section_found/extract_fail,section_found/extract_fail,section_found/extract_fail,section_found/extract_fail
归属于母公司普通股股东的ROE,report_section,report,年报/半年报/季报,llm,universal[*],财务报表附注,section_found/extract_fail,section_found/extract_fail,section_found/extract_fail,section_found/extract_fail,section_found/extract_fail,section_found/extract_fail,section_found/extract_fail,section_found/extract_fail
归属于母公司普通股股东的扣非ROE,report_section,report,年报/半年报/季报,llm,universal[*],财务报表附注,section_found/extract_fail,section_found/extract_fail,section_found/extract_fail,section_found/extract_fail,section_found/extract_fail,section_found/extract_fail,section_found/extract_fail,section_found/extract_fail
风险加权资产收益率（RORWA）,report_section,report,年报/半年报,python:percent_value,universal[*],财务报表附注,section_found/extract_fail,section_found/extract_fail,skip:form_filter,skip:form_filter,section_found/extract_fail,section_found/extract_fail,skip:form_filter,skip:form_filter
净资产收益率（ROE）,report_section,report,年报/半年报/季报,python:percent_value,universal[*],财务报表附注,section_found/extract_fail,section_found/extract_fail,section_found/extract_fail,section_found/extract_fail,section_found/extract_fail,section_found/extract_fail,section_found/extract_fail,section_found/extract_fail
杠杆倍数,report_section,report,年报/半年报/季报,llm,universal[*],财务报表附注,section_found/extract_fail,section_found/extract_fail,section_found/extract_fail,section_found/extract_fail,section_found/extract_fail,section_found/extract_fail,section_found/extract_fail,section_found/extract_fail
总资产收益率（ROA）,report_section,report,年报/半年报/季报,python:percent_value,universal[*],财务报表附注,section_found/extract_fail,section_found/extract_fail,section_found/extract_fail,section_found/extract_fail,section_found/extract_fail,section_found/extract_fail,section_found/extract_fail,section_found/extract_fail
总资产周转率,report_section,report,年报/半年报/季报,python:percent_value,universal[*],财务报表附注,section_found/extract_fail,section_found/extract_fail,section_found/extract_fail,section_found/extract_fail,section_found/extract_fail,section_found/extract_fail,section_found/extract_fail,section_found/extract_fail
固定资产周转率,report_section,report,年报/半年报/季报,python:percent_value,universal[*],财务报表附注,section_found/extract_fail,section_found/extract_fail,section_found/extract_fail,section_found/extract_fail,section_found/extract_fail,section_found/extract_fail,section_found/extract_fail,section_found/extract_fail
固定资产周转天数,report_section,report,年报/半年报/季报,llm,universal[*],财务报表附注,section_found/extract_fail,section_found/extract_fail,section_found/extract_fail,section_found/extract_fail,section_found/extract_fail,section_found/extract_fail,section_found/extract_fail,section_found/extract_fail
股东权益周转天数,report_section,report,年报/半年报/季报,llm,universal[*],财务报表附注,section_found/extract_fail,section_found/extract_fail,section_found/extract_fail,section_found/extract_fail,section_found/extract_fail,section_found/extract_fail,section_found/extract_fail,section_found/extract_fail
总资产周转天数,report_section,report,年报/半年报/季报,llm,universal[*],财务报表附注,section_found/extract_fail,section_found/extract_fail,section_found/extract_fail,section_found/extract_fail,section_found/extract_fail,section_found/extract_fail,section_found/extract_fail,section_found/extract_fail
自由现金流量,report_section,report,年报/半年报/季报,llm,universal[*],财务报表附注,section_found/extract_fail,section_found/extract_fail,section_found/extract_fail,section_found/extract_fail,section_found/extract_fail,section_found/extract_fail,section_found/extract_fail,section_found/extract_fail
经投融产生的现金流量净额,cashflow,report,年报/半年报/季报,python:table_row,universal[*],现金流量表,section_found/no_value,section_found/no_value,section_found/no_value,section_found/no_value,section_found/no_value,section_found/no_value,section_found/no_value,section_found/no_value
